poa_code_2021,postcode,sa2_code_2021,sa2_name_2021,overlap_area_pct,confidence
POA3000,3000,206041504,Melbourne CBD - North,39.16,low
POA3000,3000,206041505,Melbourne CBD - West,36.33,low
POA3000,3000,206041503,Melbourne CBD - East,22.84,low
POA3000,3000,206041117,Carlton,1.43,low
POA3000,3000,206041506,North Melbourne,0.24,low
POA3002,3002,206041119,East Melbourne,100.0,high
POA3003,3003,206041510,West Melbourne - Residential,92.86,high
POA3003,3003,206041506,North Melbourne,7.13,low
POA3003,3003,206041127,West Melbourne - Industrial,0.0,low
POA3004,3004,206051128,Albert Park,50.44,low
POA3004,3004,206051514,St Kilda - West,23.46,low
POA3004,3004,206041125,South Yarra - West,22.02,low
POA3004,3004,206051512,South Melbourne,4.08,low
POA3004,3004,206041119,East Melbourne,0.0,low
POA3004,3004,206041507,Royal Botanic Gardens Victoria,0.0,low
POA3006,3006,206041509,Southbank - East,70.94,medium
POA3006,3006,206041508,Southbank (West) - South Wharf,28.43,low
POA3006,3006,206051512,South Melbourne,0.5,low
POA3006,3006,206051511,Port Melbourne Industrial,0.13,low
POA3008,3008,206041118,Docklands,99.97,high
POA3008,3008,206051511,Port Melbourne Industrial,0.03,low
POA3008,3008,206041127,West Melbourne - Industrial,0.0,low
POA3008,3008,206041508,Southbank (West) - South Wharf,0.0,low
POA3011,3011,213031348,Footscray,76.89,medium
POA3011,3011,213031350,Seddon - Kingsville,23.11,low
POA3011,3011,213031351,West Footscray - Tottenham,0.0,low
POA3012,3012,213031351,West Footscray - Tottenham,43.41,low
POA3012,3012,213031347,Braybrook,34.77,low
POA3012,3012,213031350,Seddon - Kingsville,14.42,low
POA3012,3012,213021343,Altona North,7.36,low
POA3012,3012,213011338,Sunshine West,0.03,low
POA3013,3013,213031352,Yarraville,98.82,high
POA3013,3013,213031350,Seddon - Kingsville,1.18,low
POA3015,3015,213021344,Newport,100.0,high
POA3015,3015,213021343,Altona North,0.0,low
POA3016,3016,213021346,Williamstown,99.27,high
POA3016,3016,213021344,Newport,0.73,low
POA3018,3018,213021341,Altona,100.0,high
POA3019,3019,213031347,Braybrook,100.0,high
POA3020,3020,213011338,Sunshine West,41.84,low
POA3020,3020,213011337,Sunshine North,27.15,low
POA3020,3020,213011336,Sunshine,21.23,low
POA3020,3020,213011328,Ardeer - Albion,9.79,low
POA3020,3020,213011570,Derrimut,0.0,low
POA3021,3021,213011334,St Albans - North,37.33,low
POA3021,3021,213011335,St Albans - South,31.65,low
POA3021,3021,213011333,Kings Park (Vic.),25.17,low
POA3021,3021,213011332,Keilor Downs,5.86,low
POA3022,3022,213011328,Ardeer - Albion,100.0,high
POA3022,3022,213011569,Deer Park,0.0,low
POA3023,3023,213041463,Caroline Springs,30.32,low
POA3023,3023,213011569,Deer Park,26.82,low
POA3023,3023,213011329,Cairnlea,14.95,low
POA3023,3023,213041462,Burnside Heights,9.55,low
POA3023,3023,213041461,Burnside,8.64,low
POA3023,3023,213041360,Taylors Hill,6.1,low
POA3023,3023,213041359,Rockbank - Mount Cottrell,3.42,low
POA3023,3023,213011333,Kings Park (Vic.),0.19,low
POA3023,3023,213011570,Derrimut,0.0,low
POA3024,3024,213051590,Wyndham Vale - South,39.89,low
POA3024,3024,213051579,Manor Lakes - Quandong,31.18,low
POA3024,3024,213051589,Wyndham Vale - North,26.55,low
POA3024,3024,213051468,Werribee - West,0.93,low
POA3024,3024,213041359,Rockbank - Mount Cottrell,0.73,low
POA3024,3024,213051582,Tarneit (West) - Mount Cottrell,0.73,low
POA3025,3025,213021343,Altona North,100.0,high
POA3025,3025,213021344,Newport,0.0,low
POA3026,3026,213011570,Derrimut,98.57,high
POA3026,3026,213051363,Laverton,1.43,low
POA3027,3027,213051363,Laverton,69.62,medium
POA3027,3027,213051587,Truganina - South East,30.38,low
POA3028,3028,213021342,Altona Meadows,65.6,medium
POA3028,3028,213021345,Seabrook,17.56,low
POA3028,3028,213051363,Laverton,16.84,low
POA3029,3029,213051583,Tarneit - Central,21.66,low
POA3029,3029,213051588,Truganina - South West,14.68,low
POA3029,3029,213051362,Hoppers Crossing - South,14.45,low
POA3029,3029,213051361,Hoppers Crossing - North,14.16,low
POA3029,3029,213051585,Tarneit - South,8.61,low
POA3029,3029,213051582,Tarneit (West) - Mount Cottrell,7.62,low
POA3029,3029,213051586,Truganina - North,7.15,low
POA3029,3029,213051584,Tarneit - North,5.56,low
POA3029,3029,213051587,Truganina - South East,5.19,low
POA3029,3029,213041359,Rockbank - Mount Cottrell,0.9,low
POA3030,3030,213051468,Werribee - West,17.86,low
POA3030,3030,213051464,Point Cook - East,16.14,low
POA3030,3030,213051466,Point Cook - South,16.02,low
POA3030,3030,213051467,Werribee - East,15.97,low
POA3030,3030,213051368,Werribee - South,14.11,low
POA3030,3030,213051580,Point Cook - North East,11.87,low
POA3030,3030,213051581,Point Cook - North West,8.03,low
POA3030,3030,213051579,Manor Lakes - Quandong,0.0,low
POA3031,3031,206041121,Kensington (Vic.),60.5,medium
POA3031,3031,206031115,Flemington,39.07,low
POA3031,3031,206041120,Flemington Racecourse,0.43,low
POA3032,3032,206031113,Ascot Vale,50.79,low
POA3032,3032,213031349,Maribyrnong,42.13,low
POA3032,3032,206031115,Flemington,7.07,low
POA3033,3033,210011534,Keilor East,99.93,high
POA3033,3033,210011228,Keilor,0.07,low
POA3034,3034,210011533,Avondale Heights,100.0,high
POA3036,3036,210011228,Keilor,97.87,high
POA3036,3036,213011340,Taylors Lakes,1.09,low
POA3036,3036,210051248,Melbourne Airport,1.04,low
POA3036,3036,213011332,Keilor Downs,0.0,low
POA3037,3037,213041575,Hillside,31.5,low
POA3037,3037,213041360,Taylors Hill,30.03,low
POA3037,3037,213011339,Sydenham,22.8,low
POA3037,3037,213011331,Delahey,15.66,low
POA3037,3037,213011340,Taylors Lakes,0.0,low
POA3038,3038,213011340,Taylors Lakes,63.02,medium
POA3038,3038,213011332,Keilor Downs,36.98,low
POA3039,3039,206031116,Moonee Ponds,100.0,high
POA3040,3040,206031501,Essendon (West) - Aberfeldie,48.51,low
POA3040,3040,206031502,Essendon - East,45.63,low
POA3040,3040,210011230,Niddrie - Essendon West,5.86,low
POA3041,3041,210011231,Strathmore,76.52,medium
POA3041,3041,206031501,Essendon (West) - Aberfeldie,23.38,low
POA3041,3041,210011227,Essendon Airport,0.1,low
POA3042,3042,210011226,Airport West,48.66,low
POA3042,3042,210011230,Niddrie - Essendon West,35.23,low
POA3042,3042,210011228,Keilor,16.12,low
POA3042,3042,210011534,Keilor East,0.0,low
POA3043,3043,210051245,Gladstone Park - Westmeadows,45.85,low
POA3043,3043,210051250,Tullamarine,36.71,low
POA3043,3043,210031439,Gowanbrae,17.39,low
POA3043,3043,210011228,Keilor,0.05,low
POA3044,3044,210031538,Pascoe Vale,57.06,low
POA3044,3044,206011109,Pascoe Vale South,35.5,low
POA3044,3044,210031537,Oak Park,6.51,low
POA3044,3044,206011498,Coburg - West,0.57,low
POA3044,3044,210031236,Coburg North,0.37,low
POA3045,3045,210051248,Melbourne Airport,99.98,high
POA3045,3045,210051250,Tullamarine,0.02,low
POA3046,3046,210031535,Glenroy - East,40.16,low
POA3046,3046,210031536,Glenroy - West,24.08,low
POA3046,3046,210031440,Hadfield,17.0,low
POA3046,3046,210031537,Oak Park,16.43,low
POA3046,3046,210031538,Pascoe Vale,2.32,low
POA3046,3046,210031439,Gowanbrae,0.0,low
POA3047,3047,210051242,Broadmeadows,64.56,medium
POA3047,3047,210051243,Campbellfield - Coolaroo,35.44,low
POA3048,3048,210051247,Meadow Heights,82.3,medium
POA3048,3048,210051243,Campbellfield - Coolaroo,17.7,low
POA3049,3049,210051245,Gladstone Park - Westmeadows,100.0,high
POA3051,3051,206041506,North Melbourne,100.0,high
POA3052,3052,206041124,Parkville,100.0,high
POA3052,3052,206011107,Brunswick West,0.0,low
POA3053,3053,206041117,Carlton,100.0,high
POA3054,3054,206071140,Carlton North - Princes Hill,100.0,high
POA3055,3055,206011107,Brunswick West,96.99,high
POA3055,3055,206011496,Brunswick - South,1.94,low
POA3055,3055,206011495,Brunswick - North,1.07,low
POA3056,3056,206011495,Brunswick - North,50.18,low
POA3056,3056,206011496,Brunswick - South,49.82,low
POA3057,3057,206011106,Brunswick East,96.02,high
POA3057,3057,206011496,Brunswick - South,2.24,low
POA3057,3057,206011495,Brunswick - North,1.74,low
POA3058,3058,206011498,Coburg - West,39.72,low
POA3058,3058,206011497,Coburg - East,35.87,low
POA3058,3058,210031236,Coburg North,23.89,low
POA3058,3058,206011109,Pascoe Vale South,0.51,low
POA3059,3059,210051246,Greenvale - Bulla,100.0,high
POA3060,3060,210031237,Fawkner,98.1,high
POA3060,3060,210051243,Campbellfield - Coolaroo,1.9,low
POA3061,3061,210051243,Campbellfield - Coolaroo,100.0,high
POA3062,3062,210051544,Roxburgh Park (South) - Somerton,100.0,high
POA3063,3063,210041240,Sunbury,50.89,low
POA3063,3063,210051246,Greenvale - Bulla,26.77,low
POA3063,3063,210051445,Mickleham - Yuroke,22.34,low
POA3064,3064,210051445,Mickleham - Yuroke,20.31,low
POA3064,3064,210051443,Craigieburn - South,18.93,low
POA3064,3064,210051545,Roxburgh Park - North,12.81,low
POA3064,3064,210051543,Craigieburn - West,11.37,low
POA3064,3064,210051442,Craigieburn - North,10.75,low
POA3064,3064,210051542,Craigieburn - North West,8.61,low
POA3064,3064,210051544,Roxburgh Park (South) - Somerton,8.29,low
POA3064,3064,210051441,Craigieburn - Central,7.06,low
POA3064,3064,209041225,Whittlesea,1.86,low
POA3065,3065,206071142,Fitzroy,100.0,high
POA3065,3065,206071143,Fitzroy North,0.0,low
POA3066,3066,206071141,Collingwood,100.0,high
POA3066,3066,206071145,Clifton Hill - Alphington,0.0,low
POA3067,3067,206071139,Abbotsford,100.0,high
POA3067,3067,206071145,Clifton Hill - Alphington,0.0,low
POA3068,3068,206071143,Fitzroy North,66.03,medium
POA3068,3068,206071145,Clifton Hill - Alphington,33.97,low
POA3070,3070,206021499,Northcote - East,59.65,low
POA3070,3070,206021500,Northcote - West,40.07,low
POA3070,3070,206021112,Thornbury,0.28,low
POA3071,3071,206021112,Thornbury,99.17,high
POA3071,3071,206021500,Northcote - West,0.83,low
POA3072,3072,209021428,Preston - East,61.35,medium
POA3072,3072,209021429,Preston - West,37.53,low
POA3072,3072,209021525,Reservoir - South East,1.05,low
POA3072,3072,209021526,Reservoir - South West,0.07,low
POA3073,3073,209021523,Reservoir - North East,29.0,low
POA3073,3073,209021526,Reservoir - South West,27.54,low
POA3073,3073,209021525,Reservoir - South East,24.36,low
POA3073,3073,209021524,Reservoir - North West,19.1,low
POA3074,3074,209041223,Thomastown,98.65,high
POA3074,3074,209041530,Lalor - West,1.35,low
POA3075,3075,209041530,Lalor - West,57.02,low
POA3075,3075,209041529,Lalor - East,42.81,low
POA3075,3075,209041223,Thomastown,0.17,low
POA3076,3076,209041431,Epping - East,39.27,low
POA3076,3076,209041433,Epping (Vic.) - West,36.21,low
POA3076,3076,209041432,Epping - South,24.52,low
POA3076,3076,209041530,Lalor - West,0.0,low
POA3078,3078,206021110,Alphington - Fairfield,73.39,medium
POA3078,3078,206071145,Clifton Hill - Alphington,26.61,low
POA3079,3079,209011200,Ivanhoe,73.08,medium
POA3079,3079,209011201,Ivanhoe East - Eaglemont,22.01,low
POA3079,3079,209011199,Heidelberg West,4.91,low
POA3081,3081,209011199,Heidelberg West,100.0,high
POA3082,3082,209041220,Mill Park - North,60.9,medium
POA3082,3082,209041221,Mill Park - South,39.1,low
POA3083,3083,209011196,Bundoora - East,31.27,low
POA3083,3083,209021205,Kingsbury,25.57,low
POA3083,3083,209041216,Bundoora - North,23.29,low
POA3083,3083,209041217,Bundoora - West,19.61,low
POA3083,3083,209011204,Watsonia,0.26,low
POA3084,3084,209011198,Heidelberg - Rosanna,58.98,low
POA3084,3084,209011203,Viewbank - Yallambie,26.27,low
POA3084,3084,209011201,Ivanhoe East - Eaglemont,14.75,low
POA3085,3085,209011203,Viewbank - Yallambie,82.6,medium
POA3085,3085,209021205,Kingsbury,16.69,low
POA3085,3085,209011198,Heidelberg - Rosanna,0.7,low
POA3087,3087,209011204,Watsonia,100.0,high
POA3088,3088,209011197,Greensborough,68.68,medium
POA3088,3088,209031213,Plenty - Yarrambat,19.46,low
POA3088,3088,209011202,Montmorency - Briar Hill,11.86,low
POA3088,3088,209011196,Bundoora - East,0.0,low
POA3088,3088,209011204,Watsonia,0.0,low
POA3089,3089,209031215,Wattle Glen - Diamond Creek,100.0,high
POA3090,3090,209031213,Plenty - Yarrambat,100.0,high
POA3091,3091,209031213,Plenty - Yarrambat,100.0,high
POA3093,3093,209011202,Montmorency - Briar Hill,100.0,high
POA3094,3094,209011202,Montmorency - Briar Hill,100.0,high
POA3095,3095,209031209,Eltham,82.63,medium
POA3095,3095,209031214,Research - North Warrandyte,9.54,low
POA3095,3095,209011197,Greensborough,7.47,low
POA3095,3095,209011202,Montmorency - Briar Hill,0.36,low
POA3096,3096,209031215,Wattle Glen - Diamond Creek,100.0,high
POA3097,3097,209031214,Research - North Warrandyte,78.74,medium
POA3097,3097,209031212,Panton Hill - St Andrews,21.26,low
POA3099,3099,209031210,Hurstbridge,71.05,medium
POA3099,3099,209031212,Panton Hill - St Andrews,28.95,low
POA3101,3101,207011522,Kew - West,52.34,low
POA3101,3101,207011521,Kew - South,47.36,low
POA3101,3101,207011154,Kew East,0.3,low
POA3102,3102,207011154,Kew East,96.78,high
POA3102,3102,207011522,Kew - West,3.22,low
POA3103,3103,207011147,Balwyn,100.0,high
POA3104,3104,207011148,Balwyn North,99.17,high
POA3104,3104,207031164,Box Hill North,0.83,low
POA3104,3104,207021156,Bulleen,0.0,low
POA3104,3104,207021157,Doncaster,0.0,low
POA3105,3105,207021156,Bulleen,100.0,high
POA3106,3106,207021159,Templestowe,100.0,high
POA3107,3107,207021160,Templestowe Lower,99.17,high
POA3107,3107,207021157,Doncaster,0.83,low
POA3108,3108,207021157,Doncaster,98.55,high
POA3108,3108,207021156,Bulleen,0.69,low
POA3108,3108,207021160,Templestowe Lower,0.59,low
POA3108,3108,207021425,Doncaster East - South,0.18,low
POA3109,3109,207021424,Doncaster East - North,50.5,low
POA3109,3109,207021425,Doncaster East - South,49.5,low
POA3111,3111,211021261,Donvale - Park Orchards,95.95,high
POA3111,3111,211021262,Warrandyte - Wonga Park,2.89,low
POA3111,3111,207021424,Doncaster East - North,0.62,low
POA3111,3111,207021425,Doncaster East - South,0.54,low
POA3113,3113,211021262,Warrandyte - Wonga Park,64.55,medium
POA3113,3113,209031214,Research - North Warrandyte,35.45,low
POA3114,3114,211021261,Donvale - Park Orchards,98.33,high
POA3114,3114,211031268,Ringwood North,1.67,low
POA3115,3115,211021262,Warrandyte - Wonga Park,91.97,high
POA3115,3115,211031265,Croydon Hills - Warranwood,8.03,low
POA3116,3116,211051275,Chirnside Park,100.0,high
POA3121,3121,206071517,Richmond (South) - Cremorne,55.94,low
POA3121,3121,206071518,Richmond - North,44.06,low
POA3122,3122,207011520,Hawthorn - South,53.6,low
POA3122,3122,207011519,Hawthorn - North,44.28,low
POA3122,3122,207011152,Hawthorn East,2.12,low
POA3123,3123,207011152,Hawthorn East,100.0,high
POA3124,3124,207011149,Camberwell,96.17,high
POA3124,3124,207011152,Hawthorn East,1.73,low
POA3124,3124,207011155,Surrey Hills (West) - Canterbury,1.7,low
POA3124,3124,207011150,Glen Iris - East,0.4,low
POA3125,3125,207031165,Burwood (Vic.),81.51,medium
POA3125,3125,212051319,Ashwood - Chadstone,18.49,low
POA3126,3126,207011155,Surrey Hills (West) - Canterbury,97.48,high
POA3126,3126,207011147,Balwyn,2.52,low
POA3126,3126,207011149,Camberwell,0.0,low
POA3127,3127,207031167,Surrey Hills (East) - Mont Albert,54.68,low
POA3127,3127,207011155,Surrey Hills (West) - Canterbury,42.82,low
POA3127,3127,207011147,Balwyn,1.9,low
POA3127,3127,207011149,Camberwell,0.6,low
POA3128,3128,207031163,Box Hill,100.0,high
POA3129,3129,207031164,Box Hill North,100.0,high
POA3129,3129,207021157,Doncaster,0.0,low
POA3130,3130,207031161,Blackburn,66.85,medium
POA3130,3130,207031162,Blackburn South,33.15,low
POA3131,3131,211041271,Nunawading,53.49,low
POA3131,3131,211041269,Forest Hill,46.51,low
POA3132,3132,211041270,Mitcham (Vic.),100.0,high
POA3133,3133,211041273,Vermont South,52.04,low
POA3133,3133,211041272,Vermont,47.96,low
POA3134,3134,211031266,Ringwood,53.64,low
POA3134,3134,211031268,Ringwood North,27.76,low
POA3134,3134,211031265,Croydon Hills - Warranwood,13.88,low
POA3134,3134,211021262,Warrandyte - Wonga Park,1.92,low
POA3134,3134,211031267,Ringwood East,1.7,low
POA3134,3134,211021261,Donvale - Park Orchards,1.09,low
POA3135,3135,211031267,Ringwood East,99.24,high
POA3135,3135,211031452,Croydon South,0.65,low
POA3135,3135,211031266,Ringwood,0.11,low
POA3136,3136,211031450,Croydon - East,31.01,low
POA3136,3136,211031451,Croydon - West,30.49,low
POA3136,3136,211031265,Croydon Hills - Warranwood,27.9,low
POA3136,3136,211031452,Croydon South,10.3,low
POA3136,3136,211031266,Ringwood,0.3,low
POA3137,3137,211051277,Kilsyth,68.04,medium
POA3137,3137,211031263,Bayswater North,19.62,low
POA3137,3137,211031450,Croydon - East,12.34,low
POA3137,3137,211031452,Croydon South,0.0,low
POA3138,3138,211051281,Mooroolbark,100.0,high
POA3139,3139,211051286,Yarra Valley,51.41,low
POA3139,3139,211051285,Wandin - Seville,48.59,low
POA3140,3140,211051278,Lilydale - Coldstream,99.5,high
POA3140,3140,211051281,Mooroolbark,0.5,low
POA3141,3141,206061515,South Yarra - North,44.75,low
POA3141,3141,206061516,South Yarra - South,39.7,low
POA3141,3141,206041125,South Yarra - West,15.55,low
POA3142,3142,206061138,Toorak,100.0,high
POA3143,3143,206061135,Armadale,97.95,high
POA3143,3143,206061136,Prahran - Windsor,2.05,low
POA3144,3144,208041194,Malvern - Glen Iris,97.28,high
POA3144,3144,206061135,Armadale,1.41,low
POA3144,3144,206061138,Toorak,1.31,low
POA3145,3145,208041195,Malvern East,92.92,high
POA3145,3145,208021177,Caulfield - North,5.5,low
POA3145,3145,208041194,Malvern - Glen Iris,1.59,low
POA3146,3146,207011150,Glen Iris - East,64.04,medium
POA3146,3146,208041194,Malvern - Glen Iris,35.96,low
POA3147,3147,207011146,Ashburton (Vic.),52.63,low
POA3147,3147,212051319,Ashwood - Chadstone,47.37,low
POA3147,3147,207011150,Glen Iris - East,0.0,low
POA3148,3148,212051319,Ashwood - Chadstone,100.0,high
POA3149,3149,212051324,Mount Waverley - South,54.57,low
POA3149,3149,212051323,Mount Waverley - North,45.43,low
POA3150,3150,212051321,Glen Waverley - East,34.16,low
POA3150,3150,212051322,Glen Waverley - West,33.25,low
POA3150,3150,212051327,Wheelers Hill,32.59,low
POA3151,3151,207031166,Burwood East,100.0,high
POA3152,3152,211011260,Wantirna South,51.42,low
POA3152,3152,211011259,Wantirna,40.74,low
POA3152,3152,211011254,Knoxfield - Scoresby,7.33,low
POA3152,3152,211011446,Boronia,0.37,low
POA3152,3152,211011251,Bayswater,0.14,low
POA3153,3153,211011251,Bayswater,57.15,low
POA3153,3153,211031263,Bayswater North,42.35,low
POA3153,3153,211011259,Wantirna,0.5,low
POA3154,3154,211011449,The Basin,96.6,high
POA3154,3154,211011446,Boronia,3.26,low
POA3154,3154,211051282,Mount Dandenong - Olinda,0.13,low
POA3155,3155,211011446,Boronia,98.36,high
POA3155,3155,211011251,Bayswater,1.64,low
POA3156,3156,211011448,Ferntree Gully (South) - Upper Ferntree Gully,39.9,low
POA3156,3156,211011447,Ferntree Gully - North,36.72,low
POA3156,3156,211011255,Lysterfield,17.09,low
POA3156,3156,212021453,Endeavour Hills - North,2.57,low
POA3156,3156,211051284,Upwey - Tecoma,2.33,low
POA3156,3156,211011254,Knoxfield - Scoresby,0.81,low
POA3156,3156,211011257,Rowville - North,0.33,low
POA3156,3156,211051274,Belgrave - Selby,0.25,low
POA3158,3158,211051284,Upwey - Tecoma,100.0,high
POA3159,3159,211051274,Belgrave - Selby,97.21,high
POA3159,3159,211051282,Mount Dandenong - Olinda,2.79,low
POA3160,3160,211051274,Belgrave - Selby,77.1,medium
POA3160,3160,211051284,Upwey - Tecoma,22.9,low
POA3161,3161,208021177,Caulfield - North,100.0,high
POA3162,3162,208021178,Caulfield - South,100.0,high
POA3163,3163,208021176,Carnegie,56.42,low
POA3163,3163,208021181,Murrumbeena,28.62,low
POA3163,3163,208021182,Ormond - Glen Huntly,14.96,low
POA3165,3165,208021426,Bentleigh East - North,54.04,low
POA3165,3165,208021427,Bentleigh East - South,45.96,low
POA3166,3166,212051326,Oakleigh - Huntingdale,69.52,medium
POA3166,3166,208021180,Hughesdale,30.48,low
POA3166,3166,212051319,Ashwood - Chadstone,0.0,low
POA3167,3167,212051326,Oakleigh - Huntingdale,58.16,low
POA3167,3167,212041309,Clarinda - Oakleigh South,41.84,low
POA3168,3168,212051568,Clayton - Central,55.12,low
POA3168,3168,212051567,Clayton (North) - Notting Hill,44.88,low
POA3169,3169,212041310,Clayton South,64.15,medium
POA3169,3169,212041309,Clarinda - Oakleigh South,35.85,low
POA3170,3170,212051325,Mulgrave,100.0,high
POA3171,3171,212041317,Springvale,100.0,high
POA3172,3172,212041318,Springvale South,54.29,low
POA3172,3172,212041313,Dingley Village,45.08,low
POA3172,3172,212041460,Noble Park - West,0.61,low
POA3172,3172,208031184,Braeside,0.02,low
POA3173,3173,212041565,Keysborough - North,50.26,low
POA3173,3173,212041566,Keysborough - South,49.74,low
POA3174,3174,212041460,Noble Park - West,49.02,low
POA3174,3174,212041459,Noble Park - East,32.05,low
POA3174,3174,212041316,Noble Park North,18.74,low
POA3174,3174,212041317,Springvale,0.19,low
POA3175,3175,212041312,Dandenong North,42.12,low
POA3175,3175,212041563,Dandenong - North,40.1,low
POA3175,3175,212041564,Dandenong - South,17.4,low
POA3175,3175,212041566,Keysborough - South,0.34,low
POA3175,3175,212041316,Noble Park North,0.04,low
POA3177,3177,212021295,Doveton,100.0,high
POA3178,3178,211011256,Rowville - Central,45.9,low
POA3178,3178,211011258,Rowville - South,30.91,low
POA3178,3178,211011257,Rowville - North,23.18,low
POA3178,3178,211011254,Knoxfield - Scoresby,0.0,low
POA3179,3179,211011254,Knoxfield - Scoresby,100.0,high
POA3180,3180,211011254,Knoxfield - Scoresby,100.0,high
POA3180,3180,211011257,Rowville - North,0.0,low
POA3181,3181,206061136,Prahran - Windsor,96.33,high
POA3181,3181,206051514,St Kilda - West,3.67,low
POA3182,3182,206051513,St Kilda - Central,51.65,low
POA3182,3182,206051514,St Kilda - West,46.19,low
POA3182,3182,206051134,St Kilda East,2.16,low
POA3183,3183,206051134,St Kilda East,76.89,medium
POA3183,3183,208021177,Caulfield - North,23.11,low
POA3184,3184,206051129,Elwood,97.78,high
POA3184,3184,206051513,St Kilda - Central,1.78,low
POA3184,3184,206051514,St Kilda - West,0.44,low
POA3185,3185,208021179,Elsternwick,88.48,medium
POA3185,3185,206051134,St Kilda East,11.52,low
POA3186,3186,208011169,Brighton (Vic.),97.88,high
POA3186,3186,208011170,Brighton East,1.82,low
POA3186,3186,208011172,Hampton,0.3,low
POA3187,3187,208011170,Brighton East,96.15,high
POA3187,3187,208021174,Bentleigh - McKinnon,2.82,low
POA3187,3187,208011172,Hampton,1.03,low
POA3188,3188,208011172,Hampton,96.6,high
POA3188,3188,208011171,Highett (West) - Cheltenham,2.05,low
POA3188,3188,208011173,Sandringham - Black Rock,1.35,low
POA3189,3189,208031191,Moorabbin - Heatherton,100.0,high
POA3190,3190,208011171,Highett (West) - Cheltenham,66.21,medium
POA3190,3190,208031188,Highett (East) - Cheltenham,33.79,low
POA3191,3191,208011173,Sandringham - Black Rock,98.22,high
POA3191,3191,208011171,Highett (West) - Cheltenham,1.78,low
POA3192,3192,208031188,Highett (East) - Cheltenham,82.88,medium
POA3192,3192,208011171,Highett (West) - Cheltenham,16.27,low
POA3192,3192,208011168,Beaumaris,0.84,low
POA3192,3192,208011173,Sandringham - Black Rock,0.0,low
POA3193,3193,208011168,Beaumaris,68.38,medium
POA3193,3193,208011173,Sandringham - Black Rock,31.62,low
POA3194,3194,208031190,Mentone,99.8,high
POA3194,3194,208031192,Moorabbin Airport,0.2,low
POA3195,3195,208031193,Mordialloc - Parkdale,56.81,low
POA3195,3195,208031183,Aspendale Gardens - Waterways,23.72,low
POA3195,3195,208031189,Edithvale - Aspendale,19.43,low
POA3195,3195,208031184,Braeside,0.05,low
POA3196,3196,208031186,Chelsea - Bonbeach,56.67,low
POA3196,3196,208031189,Edithvale - Aspendale,23.3,low
POA3196,3196,208031187,Chelsea Heights,20.03,low
POA3197,3197,208031185,Carrum - Patterson Lakes,100.0,high
POA3198,3198,214011375,Seaford (Vic.),100.0,high
POA3199,3199,214011371,Frankston,42.01,low
POA3199,3199,214011373,Frankston South,33.52,low
POA3199,3199,214011372,Frankston North,24.47,low
POA3199,3199,214011375,Seaford (Vic.),0.0,low
POA3200,3200,214011372,Frankston North,100.0,high
POA3201,3201,214011370,Carrum Downs,100.0,high
POA3202,3202,208031191,Moorabbin - Heatherton,100.0,high
POA3204,3204,208021174,Bentleigh - McKinnon,73.7,medium
POA3204,3204,208021182,Ormond - Glen Huntly,24.82,low
POA3204,3204,208021426,Bentleigh East - North,0.82,low
POA3204,3204,208021427,Bentleigh East - South,0.65,low
POA3205,3205,206051512,South Melbourne,96.22,high
POA3205,3205,206051511,Port Melbourne Industrial,3.78,low
POA3206,3206,206051128,Albert Park,100.0,high
POA3207,3207,206051130,Port Melbourne,91.84,high
POA3207,3207,206051511,Port Melbourne Industrial,8.16,low
POA3211,3211,213051468,Werribee - West,54.49,low
POA3211,3211,203021043,Lara,45.51,low
POA3212,3212,203021043,Lara,100.0,high
POA3213,3213,203021486,Corio - Lovely Banks,60.41,medium
POA3213,3213,203011034,Bannockburn,18.37,low
POA3213,3213,203021043,Lara,14.16,low
POA3213,3213,203021047,North Geelong - Bell Park,5.63,low
POA3213,3213,203011035,Golden Plains - South,1.44,low
POA3214,3214,203021486,Corio - Lovely Banks,63.14,medium
POA3214,3214,203021488,Norlane,36.86,low
POA3214,3214,203021043,Lara,0.0,low
POA3214,3214,203021047,North Geelong - Bell Park,0.0,low
POA3215,3215,203021047,North Geelong - Bell Park,70.35,medium
POA3215,3215,203021040,Geelong West - Hamlyn Heights,29.65,low
POA3215,3215,203021486,Corio - Lovely Banks,0.0,low
POA3216,3216,203021042,Highton,39.51,low
POA3216,3216,203021487,Grovedale - Mount Duneed,31.73,low
POA3216,3216,203021037,Belmont,24.95,low
POA3216,3216,203021485,Charlemont,3.81,low
POA3217,3217,203021485,Charlemont,39.11,low
POA3217,3217,203031489,Barwon Heads - Armstrong Creek,28.68,low
POA3217,3217,203021487,Grovedale - Mount Duneed,27.92,low
POA3217,3217,203011036,Winchelsea,2.23,low
POA3217,3217,203031053,Torquay,2.06,low
POA3218,3218,203021040,Geelong West - Hamlyn Heights,98.18,high
POA3218,3218,203011034,Bannockburn,1.41,low
POA3218,3218,203021047,North Geelong - Bell Park,0.41,low
POA3219,3219,203021045,Newcomb - Moolap,67.07,medium
POA3219,3219,203021039,Geelong,32.93,low
POA3220,3220,203021046,Newtown (Vic.),60.61,medium
POA3220,3220,203021039,Geelong,39.39,low
POA3221,3221,203011036,Winchelsea,66.58,medium
POA3221,3221,203021042,Highton,33.42,low
POA3222,3222,203031048,Clifton Springs,90.42,high
POA3222,3222,203031490,Ocean Grove,9.03,low
POA3222,3222,203031052,Point Lonsdale - Queenscliff,0.55,low
POA3223,3223,203031051,Portarlington,100.0,high
POA3224,3224,203021044,Leopold,87.97,medium
POA3224,3224,203021045,Newcomb - Moolap,12.03,low
POA3225,3225,203031052,Point Lonsdale - Queenscliff,100.0,high
POA3226,3226,203031490,Ocean Grove,100.0,high
POA3227,3227,203031489,Barwon Heads - Armstrong Creek,100.0,high
POA3227,3227,203031490,Ocean Grove,0.0,low
POA3228,3228,203031053,Torquay,100.0,high
POA3230,3230,203031049,Lorne - Anglesea,100.0,high
POA3231,3231,203031049,Lorne - Anglesea,100.0,high
POA3232,3232,203031049,Lorne - Anglesea,100.0,high
POA3233,3233,217031476,Otway,100.0,high
POA3234,3234,217031476,Otway,100.0,high
POA3235,3235,203011036,Winchelsea,94.12,high
POA3235,3235,203031049,Lorne - Anglesea,5.88,low
POA3236,3236,217031476,Otway,100.0,high
POA3237,3237,217031476,Otway,88.78,medium
POA3237,3237,217031475,Corangamite - South,11.22,low
POA3238,3238,217031476,Otway,100.0,high
POA3239,3239,217031476,Otway,90.77,high
POA3239,3239,217031475,Corangamite - South,9.23,low
POA3240,3240,203011036,Winchelsea,100.0,high
POA3241,3241,203011036,Winchelsea,93.72,high
POA3241,3241,203031049,Lorne - Anglesea,3.14,low
POA3241,3241,217031473,Colac Surrounds,3.14,low
POA3242,3242,217031473,Colac Surrounds,96.93,high
POA3242,3242,203011036,Winchelsea,3.07,low
POA3243,3243,217031473,Colac Surrounds,99.99,high
POA3243,3243,217031476,Otway,0.01,low
POA3249,3249,217031473,Colac Surrounds,91.71,high
POA3249,3249,217031476,Otway,6.31,low
POA3249,3249,217031475,Corangamite - South,1.9,low
POA3249,3249,217031474,Corangamite - North,0.09,low
POA3250,3250,217031472,Colac,100.0,high
POA3250,3250,217031473,Colac Surrounds,0.0,low
POA3251,3251,217031473,Colac Surrounds,99.99,high
POA3251,3251,217031474,Corangamite - North,0.01,low
POA3254,3254,217031473,Colac Surrounds,100.0,high
POA3260,3260,217031471,Camperdown,72.66,medium
POA3260,3260,217031474,Corangamite - North,12.62,low
POA3260,3260,217031475,Corangamite - South,12.43,low
POA3260,3260,217031473,Colac Surrounds,2.29,low
POA3264,3264,217031474,Corangamite - North,100.0,high
POA3265,3265,217041477,Moyne - East,62.36,medium
POA3265,3265,217031474,Corangamite - North,23.34,low
POA3265,3265,217031475,Corangamite - South,14.3,low
POA3266,3266,217031475,Corangamite - South,97.24,high
POA3266,3266,217031474,Corangamite - North,2.17,low
POA3266,3266,217031473,Colac Surrounds,0.59,low
POA3266,3266,217031476,Otway,0.0,low
POA3267,3267,217031475,Corangamite - South,100.0,high
POA3268,3268,217031475,Corangamite - South,82.85,medium
POA3268,3268,217041477,Moyne - East,17.15,low
POA3269,3269,217031475,Corangamite - South,100.0,high
POA3270,3270,217041477,Moyne - East,77.9,medium
POA3270,3270,217031475,Corangamite - South,22.1,low
POA3271,3271,217041477,Moyne - East,57.9,low
POA3271,3271,217031474,Corangamite - North,26.84,low
POA3271,3271,215011387,Ararat Surrounds,15.26,low
POA3272,3272,217041477,Moyne - East,99.38,high
POA3272,3272,215011387,Ararat Surrounds,0.62,low
POA3273,3273,217041477,Moyne - East,100.0,high
POA3274,3274,217041477,Moyne - East,100.0,high
POA3275,3275,217041478,Moyne - West,100.0,high
POA3276,3276,217041477,Moyne - East,100.0,high
POA3277,3277,217041480,Warrnambool - South,77.55,medium
POA3277,3277,217041477,Moyne - East,22.45,low
POA3278,3278,217041477,Moyne - East,100.0,high
POA3279,3279,217041477,Moyne - East,100.0,high
POA3280,3280,217041479,Warrnambool - North,64.19,medium
POA3280,3280,217041480,Warrnambool - South,35.81,low
POA3281,3281,217041479,Warrnambool - North,55.54,low
POA3281,3281,217041477,Moyne - East,44.46,low
POA3282,3282,217041478,Moyne - West,100.0,high
POA3283,3283,217041478,Moyne - West,100.0,high
POA3284,3284,217041478,Moyne - West,100.0,high
POA3285,3285,217011420,Glenelg (Vic.),52.7,low
POA3285,3285,217041478,Moyne - West,47.3,low
POA3286,3286,217041478,Moyne - West,100.0,high
POA3287,3287,217041478,Moyne - West,100.0,high
POA3289,3289,217011423,Southern Grampians,93.53,high
POA3289,3289,217041478,Moyne - West,3.86,low
POA3289,3289,217041477,Moyne - East,2.61,low
POA3292,3292,217011420,Glenelg (Vic.),100.0,high
POA3293,3293,217011423,Southern Grampians,72.37,medium
POA3293,3293,217041477,Moyne - East,14.72,low
POA3293,3293,215011387,Ararat Surrounds,12.92,low
POA3294,3294,217011423,Southern Grampians,100.0,high
POA3300,3300,217011421,Hamilton (Vic.),98.7,high
POA3300,3300,217011423,Southern Grampians,1.3,low
POA3301,3301,217011423,Southern Grampians,91.4,high
POA3301,3301,217041478,Moyne - West,5.86,low
POA3301,3301,217011420,Glenelg (Vic.),2.74,low
POA3302,3302,217011423,Southern Grampians,85.25,medium
POA3302,3302,217011420,Glenelg (Vic.),14.75,low
POA3303,3303,217011420,Glenelg (Vic.),100.0,high
POA3304,3304,217011420,Glenelg (Vic.),96.13,high
POA3304,3304,217041478,Moyne - West,3.87,low
POA3305,3305,217011422,Portland,84.13,medium
POA3305,3305,217011420,Glenelg (Vic.),15.87,low
POA3309,3309,217011420,Glenelg (Vic.),100.0,high
POA3310,3310,217011420,Glenelg (Vic.),100.0,high
POA3311,3311,217011420,Glenelg (Vic.),100.0,high
POA3312,3312,217011420,Glenelg (Vic.),75.12,medium
POA3312,3312,215011393,West Wimmera,18.28,low
POA3312,3312,217011423,Southern Grampians,6.61,low
POA3314,3314,217011423,Southern Grampians,100.0,high
POA3315,3315,217011423,Southern Grampians,96.86,high
POA3315,3315,217011420,Glenelg (Vic.),3.14,low
POA3317,3317,215011393,West Wimmera,86.63,medium
POA3317,3317,217011423,Southern Grampians,13.37,low
POA3318,3318,215011393,West Wimmera,100.0,high
POA3319,3319,215011393,West Wimmera,100.0,high
POA3321,3321,203011035,Golden Plains - South,95.19,high
POA3321,3321,203011036,Winchelsea,3.91,low
POA3321,3321,217031473,Colac Surrounds,0.89,low
POA3322,3322,217031473,Colac Surrounds,81.39,medium
POA3322,3322,203011035,Golden Plains - South,9.84,low
POA3322,3322,217031474,Corangamite - North,8.77,low
POA3323,3323,217031474,Corangamite - North,99.99,high
POA3323,3323,201031015,Golden Plains - North,0.01,low
POA3324,3324,217031474,Corangamite - North,100.0,high
POA3325,3325,217031474,Corangamite - North,100.0,high
POA3328,3328,203011035,Golden Plains - South,100.0,high
POA3329,3329,203011035,Golden Plains - South,96.76,high
POA3329,3329,217031473,Colac Surrounds,3.24,low
POA3330,3330,203011035,Golden Plains - South,100.0,high
POA3331,3331,203011034,Bannockburn,92.73,high
POA3331,3331,203011035,Golden Plains - South,7.27,low
POA3332,3332,203011035,Golden Plains - South,100.0,high
POA3333,3333,203011035,Golden Plains - South,100.0,high
POA3334,3334,201021012,Gordon (Vic.),100.0,high
POA3335,3335,213041359,Rockbank - Mount Cottrell,93.31,high
POA3335,3335,213041574,Fraser Rise - Plumpton,6.69,low
POA3336,3336,213041574,Fraser Rise - Plumpton,54.66,low
POA3336,3336,213041359,Rockbank - Mount Cottrell,45.34,low
POA3337,3337,213041358,Melton West,52.05,low
POA3337,3337,213041576,Kurunjang - Toolern Vale,28.52,low
POA3337,3337,213041577,Melton,19.43,low
POA3338,3338,213041578,Melton South - Weir Views,44.94,low
POA3338,3338,213041571,Brookfield,26.5,low
POA3338,3338,213041572,Cobblebank - Strathtulloh,20.54,low
POA3338,3338,213041573,Eynesbury - Exford,8.02,low
POA3338,3338,213051589,Wyndham Vale - North,0.0,low
POA3340,3340,213041353,Bacchus Marsh,95.86,high
POA3340,3340,201021009,Bacchus Marsh Surrounds,3.05,low
POA3340,3340,203021043,Lara,0.99,low
POA3340,3340,213041573,Eynesbury - Exford,0.1,low
POA3341,3341,201021009,Bacchus Marsh Surrounds,90.32,high
POA3341,3341,213041353,Bacchus Marsh,9.68,low
POA3342,3342,201021009,Bacchus Marsh Surrounds,98.22,high
POA3342,3342,201021012,Gordon (Vic.),1.55,low
POA3342,3342,203011035,Golden Plains - South,0.23,low
POA3345,3345,201021012,Gordon (Vic.),100.0,high
POA3350,3350,201011001,Alfredton,22.42,low
POA3350,3350,201011482,Ballarat North - Invermay,20.74,low
POA3350,3350,201011483,Canadian - Mount Clear,18.52,low
POA3350,3350,201011002,Ballarat,15.56,low
POA3350,3350,201011481,Ballarat East - Warrenheip,13.64,low
POA3350,3350,201011005,Buninyong,4.56,low
POA3350,3350,201011484,Sebastopol - Redan,4.56,low
POA3351,3351,201011007,Smythes Creek,43.15,low
POA3351,3351,201031015,Golden Plains - North,30.15,low
POA3351,3351,201031014,Beaufort,13.51,low
POA3351,3351,215011387,Ararat Surrounds,7.44,low
POA3351,3351,201011006,Delacombe,5.27,low
POA3351,3351,203011035,Golden Plains - South,0.34,low
POA3351,3351,217041477,Moyne - East,0.13,low
POA3352,3352,201021012,Gordon (Vic.),22.66,low
POA3352,3352,201011008,Wendouree - Miners Rest,21.81,low
POA3352,3352,201011001,Alfredton,10.67,low
POA3352,3352,201031015,Golden Plains - North,7.47,low
POA3352,3352,201011006,Delacombe,6.5,low
POA3352,3352,201021010,Creswick - Clunes,5.58,low
POA3352,3352,201011482,Ballarat North - Invermay,5.57,low
POA3352,3352,203011035,Golden Plains - South,4.7,low
POA3352,3352,201031014,Beaufort,3.8,low
POA3352,3352,201011481,Ballarat East - Warrenheip,3.56,low
POA3352,3352,201031013,Avoca,3.54,low
POA3352,3352,201011005,Buninyong,2.49,low
POA3352,3352,201011007,Smythes Creek,1.53,low
POA3352,3352,217031474,Corangamite - North,0.13,low
POA3355,3355,201011008,Wendouree - Miners Rest,85.9,medium
POA3355,3355,201011002,Ballarat,14.1,low
POA3356,3356,201011484,Sebastopol - Redan,64.6,medium
POA3356,3356,201011006,Delacombe,35.4,low
POA3357,3357,201011005,Buninyong,100.0,high
POA3358,3358,201011006,Delacombe,100.0,high
POA3360,3360,201031015,Golden Plains - North,94.26,high
POA3360,3360,201031014,Beaufort,5.74,low
POA3361,3361,217031474,Corangamite - North,84.93,medium
POA3361,3361,201031014,Beaufort,15.07,low
POA3363,3363,201021010,Creswick - Clunes,99.36,high
POA3363,3363,201021011,Daylesford,0.64,low
POA3364,3364,201021010,Creswick - Clunes,66.96,medium
POA3364,3364,201021011,Daylesford,26.48,low
POA3364,3364,202021028,Castlemaine Surrounds,4.75,low
POA3364,3364,201021012,Gordon (Vic.),1.82,low
POA3370,3370,201021010,Creswick - Clunes,98.78,high
POA3370,3370,201031017,Maryborough Surrounds,1.22,low
POA3371,3371,201031017,Maryborough Surrounds,77.33,medium
POA3371,3371,201031013,Avoca,18.06,low
POA3371,3371,201021010,Creswick - Clunes,4.61,low
POA3373,3373,201031014,Beaufort,99.88,high
POA3373,3373,215011387,Ararat Surrounds,0.12,low
POA3374,3374,215011392,Stawell,94.34,high
POA3374,3374,215011387,Ararat Surrounds,5.66,low
POA3375,3375,215011387,Ararat Surrounds,89.53,medium
POA3375,3375,201031014,Beaufort,10.47,low
POA3377,3377,215011386,Ararat,88.48,medium
POA3377,3377,215011387,Ararat Surrounds,10.38,low
POA3377,3377,201031013,Avoca,0.88,low
POA3377,3377,215011392,Stawell,0.26,low
POA3378,3378,215011387,Ararat Surrounds,100.0,high
POA3379,3379,215011387,Ararat Surrounds,94.0,high
POA3379,3379,217041477,Moyne - East,6.0,low
POA3380,3380,215011392,Stawell,100.0,high
POA3381,3381,215011392,Stawell,72.68,medium
POA3381,3381,215011387,Ararat Surrounds,27.32,low
POA3384,3384,201031013,Avoca,44.26,low
POA3384,3384,215011392,Stawell,41.72,low
POA3384,3384,215011391,St Arnaud,14.02,low
POA3385,3385,215011392,Stawell,81.6,medium
POA3385,3385,215011389,Horsham Surrounds,11.29,low
POA3385,3385,215011394,Yarriambiack,7.11,low
POA3387,3387,215011391,St Arnaud,55.02,low
POA3387,3387,215011392,Stawell,44.98,low
POA3388,3388,215011394,Yarriambiack,96.07,high
POA3388,3388,215011391,St Arnaud,3.93,low
POA3390,3390,215011394,Yarriambiack,100.0,high
POA3391,3391,215011394,Yarriambiack,100.0,high
POA3392,3392,215011394,Yarriambiack,97.27,high
POA3392,3392,215011391,St Arnaud,2.73,low
POA3393,3393,215011394,Yarriambiack,98.92,high
POA3393,3393,215031400,Buloke,1.08,low
POA3395,3395,215011394,Yarriambiack,90.91,high
POA3395,3395,215031400,Buloke,8.21,low
POA3395,3395,215011390,Nhill Region,0.88,low
POA3396,3396,215011394,Yarriambiack,100.0,high
POA3400,3400,215011388,Horsham,100.0,high
POA3401,3401,215011389,Horsham Surrounds,56.29,low
POA3401,3401,215011388,Horsham,40.17,low
POA3401,3401,215011393,West Wimmera,2.22,low
POA3401,3401,217011423,Southern Grampians,0.7,low
POA3401,3401,215011394,Yarriambiack,0.61,low
POA3401,3401,215011390,Nhill Region,0.0,low
POA3401,3401,215011392,Stawell,0.0,low
POA3407,3407,217011423,Southern Grampians,100.0,high
POA3409,3409,215011389,Horsham Surrounds,84.54,medium
POA3409,3409,215011393,West Wimmera,15.46,low
POA3412,3412,215011393,West Wimmera,100.0,high
POA3413,3413,215011393,West Wimmera,100.0,high
POA3414,3414,215011390,Nhill Region,100.0,high
POA3415,3415,215011390,Nhill Region,100.0,high
POA3418,3418,215011390,Nhill Region,100.0,high
POA3419,3419,215011390,Nhill Region,100.0,high
POA3420,3420,215011390,Nhill Region,100.0,high
POA3423,3423,215011390,Nhill Region,100.0,high
POA3424,3424,215011390,Nhill Region,89.35,medium
POA3424,3424,215011394,Yarriambiack,10.65,low
POA3427,3427,210041539,Diggers Rest,92.41,high
POA3427,3427,210041540,Sunbury - South,7.59,low
POA3428,3428,210051246,Greenvale - Bulla,100.0,high
POA3429,3429,210041540,Sunbury - South,37.24,low
POA3429,3429,210041240,Sunbury,34.14,low
POA3429,3429,210041541,Sunbury - West,28.62,low
POA3430,3430,210021235,Romsey,97.32,high
POA3430,3430,210041240,Sunbury,2.68,low
POA3431,3431,210021234,Riddells Creek,100.0,high
POA3432,3432,210021235,Romsey,100.0,high
POA3433,3433,210021235,Romsey,100.0,high
POA3434,3434,210021235,Romsey,98.9,high
POA3434,3434,210021234,Riddells Creek,1.1,low
POA3435,3435,210021235,Romsey,97.02,high
POA3435,3435,204011060,Seymour Surrounds,2.98,low
POA3437,3437,210021232,Gisborne,100.0,high
POA3438,3438,210021232,Gisborne,100.0,high
POA3440,3440,210021233,Macedon,100.0,high
POA3441,3441,210021233,Macedon,100.0,high
POA3442,3442,202021031,Woodend,91.3,high
POA3442,3442,202021030,Kyneton,4.57,low
POA3442,3442,210021235,Romsey,4.13,low
POA3444,3444,202021030,Kyneton,91.45,high
POA3444,3444,202021028,Castlemaine Surrounds,4.57,low
POA3444,3444,202021029,Heathcote,1.69,low
POA3444,3444,201021011,Daylesford,1.2,low
POA3444,3444,204011060,Seymour Surrounds,1.08,low
POA3446,3446,202021030,Kyneton,82.16,medium
POA3446,3446,201021011,Daylesford,17.38,low
POA3446,3446,202021028,Castlemaine Surrounds,0.46,low
POA3447,3447,202021028,Castlemaine Surrounds,100.0,high
POA3447,3447,201021011,Daylesford,0.0,low
POA3448,3448,202021028,Castlemaine Surrounds,100.0,high
POA3450,3450,202021027,Castlemaine,100.0,high
POA3451,3451,202021027,Castlemaine,64.51,medium
POA3451,3451,202021028,Castlemaine Surrounds,34.72,low
POA3451,3451,201021011,Daylesford,0.77,low
POA3453,3453,202021028,Castlemaine Surrounds,76.24,medium
POA3453,3453,202021026,Bendigo Surrounds - South,23.76,low
POA3458,3458,201021011,Daylesford,74.41,medium
POA3458,3458,201021009,Bacchus Marsh Surrounds,18.51,low
POA3458,3458,202021031,Woodend,4.66,low
POA3458,3458,202021030,Kyneton,2.42,low
POA3460,3460,201021011,Daylesford,100.0,high
POA3461,3461,201021011,Daylesford,96.46,high
POA3461,3461,202021028,Castlemaine Surrounds,2.63,low
POA3461,3461,201021012,Gordon (Vic.),0.91,low
POA3461,3461,202021030,Kyneton,0.0,low
POA3462,3462,202021028,Castlemaine Surrounds,100.0,high
POA3463,3463,202021028,Castlemaine Surrounds,91.18,high
POA3463,3463,202031033,Loddon,8.82,low
POA3464,3464,201031017,Maryborough Surrounds,100.0,high
POA3465,3465,201031016,Maryborough (Vic.),80.8,medium
POA3465,3465,201031017,Maryborough Surrounds,17.36,low
POA3465,3465,201031013,Avoca,1.54,low
POA3465,3465,215011391,St Arnaud,0.29,low
POA3467,3467,201031013,Avoca,100.0,high
POA3468,3468,201031013,Avoca,84.05,medium
POA3468,3468,201031014,Beaufort,15.95,low
POA3469,3469,201031013,Avoca,87.02,medium
POA3469,3469,201031014,Beaufort,12.98,low
POA3472,3472,201031017,Maryborough Surrounds,96.85,high
POA3472,3472,202031033,Loddon,3.15,low
POA3475,3475,201031017,Maryborough Surrounds,64.65,medium
POA3475,3475,202031033,Loddon,21.89,low
POA3475,3475,215011391,St Arnaud,13.46,low
POA3477,3477,215011391,St Arnaud,86.33,medium
POA3477,3477,201031013,Avoca,9.99,low
POA3477,3477,215031400,Buloke,2.38,low
POA3477,3477,202031033,Loddon,1.31,low
POA3478,3478,215011391,St Arnaud,89.75,medium
POA3478,3478,201031013,Avoca,9.55,low
POA3478,3478,215031400,Buloke,0.7,low
POA3480,3480,215031400,Buloke,95.12,high
POA3480,3480,215011391,St Arnaud,3.88,low
POA3480,3480,215011394,Yarriambiack,1.0,low
POA3482,3482,215031400,Buloke,100.0,high
POA3483,3483,215031400,Buloke,100.0,high
POA3485,3485,215011394,Yarriambiack,65.76,medium
POA3485,3485,215031400,Buloke,34.24,low
POA3487,3487,215011394,Yarriambiack,100.0,high
POA3488,3488,215011394,Yarriambiack,91.76,high
POA3488,3488,215031400,Buloke,8.24,low
POA3489,3489,215011394,Yarriambiack,64.98,medium
POA3489,3489,215021398,Mildura Surrounds,35.02,low
POA3490,3490,215021398,Mildura Surrounds,100.0,high
POA3490,3490,215011390,Nhill Region,0.0,low
POA3491,3491,215011394,Yarriambiack,68.23,medium
POA3491,3491,215021398,Mildura Surrounds,31.77,low
POA3494,3494,215021398,Mildura Surrounds,100.0,high
POA3496,3496,215021399,Red Cliffs,95.02,high
POA3496,3496,215021398,Mildura Surrounds,4.98,low
POA3498,3498,215021395,Irymple,100.0,high
POA3500,3500,215021469,Mildura - North,52.11,low
POA3500,3500,215021470,Mildura - South,47.51,low
POA3500,3500,215021398,Mildura Surrounds,0.32,low
POA3500,3500,215021396,Merbein,0.05,low
POA3501,3501,215021395,Irymple,80.12,medium
POA3501,3501,215021398,Mildura Surrounds,19.88,low
POA3505,3505,215021396,Merbein,98.94,high
POA3505,3505,215021398,Mildura Surrounds,1.06,low
POA3505,3505,215021470,Mildura - South,0.0,low
POA3506,3506,215021398,Mildura Surrounds,100.0,high
POA3507,3507,215021398,Mildura Surrounds,100.0,high
POA3509,3509,215021398,Mildura Surrounds,100.0,high
POA3512,3512,215021398,Mildura Surrounds,100.0,high
POA3515,3515,202021026,Bendigo Surrounds - South,99.04,high
POA3515,3515,202031033,Loddon,0.96,low
POA3516,3516,202031033,Loddon,76.14,medium
POA3516,3516,202021026,Bendigo Surrounds - South,23.86,low
POA3517,3517,202031033,Loddon,100.0,high
POA3518,3518,202031033,Loddon,99.31,high
POA3518,3518,215031400,Buloke,0.69,low
POA3520,3520,202031033,Loddon,100.0,high
POA3521,3521,204011060,Seymour Surrounds,100.0,high
POA3522,3522,204011060,Seymour Surrounds,100.0,high
POA3523,3523,202021029,Heathcote,97.01,high
POA3523,3523,216011410,Rushworth,1.27,low
POA3523,3523,204011058,Nagambie,1.17,low
POA3523,3523,204011060,Seymour Surrounds,0.56,low
POA3525,3525,215031400,Buloke,91.16,high
POA3525,3525,202031033,Loddon,8.84,low
POA3527,3527,215031400,Buloke,97.16,high
POA3527,3527,215031401,Gannawarra,1.75,low
POA3527,3527,202031033,Loddon,1.08,low
POA3529,3529,215031400,Buloke,100.0,high
POA3530,3530,215031400,Buloke,100.0,high
POA3531,3531,215031400,Buloke,100.0,high
POA3533,3533,215031400,Buloke,100.0,high
POA3537,3537,202031033,Loddon,99.55,high
POA3537,3537,215031401,Gannawarra,0.45,low
POA3540,3540,215031401,Gannawarra,100.0,high
POA3542,3542,215031401,Gannawarra,100.0,high
POA3544,3544,215031405,Swan Hill Surrounds,96.37,high
POA3544,3544,215031400,Buloke,3.63,low
POA3546,3546,215031405,Swan Hill Surrounds,100.0,high
POA3549,3549,215031403,Robinvale,93.25,high
POA3549,3549,215031405,Swan Hill Surrounds,6.75,low
POA3550,3550,202011018,Bendigo,35.67,low
POA3550,3550,202011020,East Bendigo - Kennington,33.48,low
POA3550,3550,202011021,Flora Hill - Spring Gully,22.52,low
POA3550,3550,202011025,White Hills - Ascot,8.33,low
POA3550,3550,202011024,Strathfieldsaye,0.0,low
POA3551,3551,202011025,White Hills - Ascot,30.81,low
POA3551,3551,202011024,Strathfieldsaye,29.98,low
POA3551,3551,202011023,Maiden Gully,15.2,low
POA3551,3551,202021026,Bendigo Surrounds - South,14.79,low
POA3551,3551,202031032,Bendigo Surrounds - North,3.22,low
POA3551,3551,202021029,Heathcote,2.95,low
POA3551,3551,202031033,Loddon,1.72,low
POA3551,3551,216011410,Rushworth,0.7,low
POA3551,3551,202011019,California Gully - Eaglehawk,0.6,low
POA3551,3551,201031017,Maryborough Surrounds,0.03,low
POA3555,3555,202011022,Kangaroo Flat - Golden Square,100.0,high
POA3556,3556,202011019,California Gully - Eaglehawk,90.48,high
POA3556,3556,202031032,Bendigo Surrounds - North,8.75,low
POA3556,3556,202011023,Maiden Gully,0.77,low
POA3557,3557,202031032,Bendigo Surrounds - North,92.98,high
POA3557,3557,216011410,Rushworth,7.02,low
POA3558,3558,202031032,Bendigo Surrounds - North,89.53,medium
POA3558,3558,216011410,Rushworth,10.47,low
POA3559,3559,216011410,Rushworth,92.49,high
POA3559,3559,202031032,Bendigo Surrounds - North,7.51,low
POA3561,3561,216011409,Rochester,85.0,medium
POA3561,3561,216011408,Lockington - Gunbower,12.99,low
POA3561,3561,216011407,Kyabram,2.01,low
POA3562,3562,216011408,Lockington - Gunbower,100.0,high
POA3563,3563,216011408,Lockington - Gunbower,100.0,high
POA3564,3564,216011406,Echuca,91.55,high
POA3564,3564,216011408,Lockington - Gunbower,8.15,low
POA3564,3564,216011407,Kyabram,0.3,low
POA3565,3565,216011408,Lockington - Gunbower,100.0,high
POA3566,3566,216011408,Lockington - Gunbower,100.0,high
POA3567,3567,215031401,Gannawarra,98.5,high
POA3567,3567,202031033,Loddon,1.5,low
POA3568,3568,215031401,Gannawarra,100.0,high
POA3570,3570,202031032,Bendigo Surrounds - North,99.52,high
POA3570,3570,202031033,Loddon,0.48,low
POA3571,3571,202031033,Loddon,97.0,high
POA3571,3571,202031032,Bendigo Surrounds - North,3.0,low
POA3572,3572,216011408,Lockington - Gunbower,72.38,medium
POA3572,3572,202031033,Loddon,27.62,low
POA3573,3573,202031033,Loddon,84.39,medium
POA3573,3573,216011408,Lockington - Gunbower,15.61,low
POA3575,3575,202031033,Loddon,100.0,high
POA3576,3576,202031033,Loddon,100.0,high
POA3579,3579,215031402,Kerang,72.32,medium
POA3579,3579,215031401,Gannawarra,26.89,low
POA3579,3579,202031033,Loddon,0.79,low
POA3580,3580,215031401,Gannawarra,100.0,high
POA3581,3581,215031401,Gannawarra,100.0,high
POA3583,3583,215031405,Swan Hill Surrounds,100.0,high
POA3584,3584,215031405,Swan Hill Surrounds,100.0,high
POA3585,3585,215031404,Swan Hill,97.13,high
POA3585,3585,215031405,Swan Hill Surrounds,2.87,low
POA3586,3586,215031405,Swan Hill Surrounds,100.0,high
POA3588,3588,215031405,Swan Hill Surrounds,100.0,high
POA3589,3589,215031405,Swan Hill Surrounds,100.0,high
POA3590,3590,215031405,Swan Hill Surrounds,100.0,high
POA3591,3591,215031405,Swan Hill Surrounds,100.0,high
POA3594,3594,215031405,Swan Hill Surrounds,100.0,high
POA3595,3595,215031405,Swan Hill Surrounds,100.0,high
POA3596,3596,215031405,Swan Hill Surrounds,100.0,high
POA3597,3597,215031405,Swan Hill Surrounds,100.0,high
POA3599,3599,215031405,Swan Hill Surrounds,100.0,high
POA3607,3607,204011058,Nagambie,100.0,high
POA3608,3608,204011058,Nagambie,100.0,high
POA3610,3610,216031419,Shepparton Surrounds - West,99.19,high
POA3610,3610,204011055,Euroa,0.81,low
POA3612,3612,216011410,Rushworth,97.49,high
POA3612,3612,204011058,Nagambie,2.51,low
POA3614,3614,216031419,Shepparton Surrounds - West,100.0,high
POA3616,3616,216031419,Shepparton Surrounds - West,100.0,high
POA3617,3617,216031419,Shepparton Surrounds - West,100.0,high
POA3618,3618,216031419,Shepparton Surrounds - West,100.0,high
POA3620,3620,216011407,Kyabram,98.14,high
POA3620,3620,216031419,Shepparton Surrounds - West,1.86,low
POA3621,3621,216011407,Kyabram,100.0,high
POA3622,3622,216011407,Kyabram,65.12,medium
POA3622,3622,216011409,Rochester,34.88,low
POA3623,3623,216011410,Rushworth,100.0,high
POA3624,3624,216011410,Rushworth,100.0,high
POA3629,3629,216031415,Mooroopna,87.13,medium
POA3629,3629,216031419,Shepparton Surrounds - West,12.87,low
POA3630,3630,216031416,Shepparton - North,53.58,low
POA3630,3630,216031594,Shepparton - South East,46.17,low
POA3630,3630,216031418,Shepparton Surrounds - East,0.26,low
POA3631,3631,216031593,Kialla,62.13,medium
POA3631,3631,216031416,Shepparton - North,18.76,low
POA3631,3631,216031594,Shepparton - South East,11.29,low
POA3631,3631,216031418,Shepparton Surrounds - East,7.17,low
POA3631,3631,204011055,Euroa,0.65,low
POA3633,3633,216031418,Shepparton Surrounds - East,100.0,high
POA3634,3634,216031418,Shepparton Surrounds - East,96.17,high
POA3634,3634,216021413,Numurkah,3.83,low
POA3635,3635,216021413,Numurkah,100.0,high
POA3636,3636,216021413,Numurkah,100.0,high
POA3637,3637,216021413,Numurkah,100.0,high
POA3638,3638,216021413,Numurkah,100.0,high
POA3639,3639,216021413,Numurkah,100.0,high
POA3640,3640,216021413,Numurkah,100.0,high
POA3641,3641,216021413,Numurkah,100.0,high
POA3644,3644,216021411,Cobram,68.92,medium
POA3644,3644,216021413,Numurkah,10.09,low
POA3646,3646,216031418,Shepparton Surrounds - East,60.89,medium
POA3646,3646,216021412,Moira,39.11,low
POA3647,3647,216031418,Shepparton Surrounds - East,100.0,high
POA3649,3649,216021412,Moira,100.0,high
POA3658,3658,204011056,Kilmore - Broadford,83.28,medium
POA3658,3658,209041224,Wallan,9.01,low
POA3658,3658,204011060,Seymour Surrounds,4.02,low
POA3658,3658,204011062,Yea,3.69,low
POA3659,3659,204011060,Seymour Surrounds,100.0,high
POA3660,3660,204011059,Seymour,83.86,medium
POA3660,3660,204011060,Seymour Surrounds,12.09,low
POA3660,3660,204011062,Yea,4.05,low
POA3662,3662,204011060,Seymour Surrounds,100.0,high
POA3663,3663,204011058,Nagambie,100.0,high
POA3664,3664,204011058,Nagambie,100.0,high
POA3665,3665,204011055,Euroa,67.17,medium
POA3665,3665,204011058,Nagambie,32.83,low
POA3666,3666,204011055,Euroa,99.26,high
POA3666,3666,204011058,Nagambie,0.41,low
POA3666,3666,204011060,Seymour Surrounds,0.33,low
POA3669,3669,204011055,Euroa,97.16,high
POA3669,3669,216031418,Shepparton Surrounds - East,2.84,low
POA3669,3669,204021064,Benalla Surrounds,0.01,low
POA3670,3670,204021064,Benalla Surrounds,100.0,high
POA3672,3672,204021063,Benalla,100.0,high
POA3673,3673,204021064,Benalla Surrounds,100.0,high
POA3675,3675,204021067,Wangaratta Surrounds,82.4,medium
POA3675,3675,204021064,Benalla Surrounds,15.43,low
POA3675,3675,216021412,Moira,2.18,low
POA3677,3677,204021066,Wangaratta,99.76,high
POA3677,3677,204021067,Wangaratta Surrounds,0.24,low
POA3678,3678,204021067,Wangaratta Surrounds,88.78,medium
POA3678,3678,204021066,Wangaratta,10.8,low
POA3678,3678,216021412,Moira,0.41,low
POA3682,3682,204021067,Wangaratta Surrounds,66.77,medium
POA3682,3682,204021065,Rutherglen,33.23,low
POA3683,3683,204031070,Chiltern - Indigo Valley,100.0,high
POA3685,3685,204021065,Rutherglen,94.73,high
POA3685,3685,204031070,Chiltern - Indigo Valley,3.47,low
POA3685,3685,204021067,Wangaratta Surrounds,1.8,low
POA3687,3687,204021065,Rutherglen,100.0,high
POA3688,3688,204031070,Chiltern - Indigo Valley,100.0,high
POA3690,3690,204031492,Wodonga,43.09,low
POA3690,3690,204031073,West Wodonga,42.2,low
POA3690,3690,204031491,Baranduda - Leneva,14.71,low
POA3691,3691,204031491,Baranduda - Leneva,59.44,low
POA3691,3691,204031075,Yackandandah,20.42,low
POA3691,3691,204031072,Towong,9.52,low
POA3691,3691,204031069,Bright - Mount Beauty,5.41,low
POA3691,3691,204031073,West Wodonga,4.7,low
POA3691,3691,204031492,Wodonga,0.02,low
POA3695,3695,204031075,Yackandandah,100.0,high
POA3697,3697,204031069,Bright - Mount Beauty,100.0,high
POA3698,3698,204031069,Bright - Mount Beauty,100.0,high
POA3699,3699,204031069,Bright - Mount Beauty,100.0,high
POA3699,3699,205021082,Bruthen - Omeo,0.0,low
POA3700,3700,204031072,Towong,100.0,high
POA3701,3701,204031072,Towong,100.0,high
POA3701,3701,205021082,Bruthen - Omeo,0.0,low
POA3704,3704,204031072,Towong,100.0,high
POA3705,3705,204031072,Towong,100.0,high
POA3707,3707,204031072,Towong,97.41,high
POA3707,3707,205021080,Alps - East,0.0,low
POA3708,3708,204031072,Towong,100.0,high
POA3709,3709,204031072,Towong,100.0,high
POA3711,3711,204011054,Alexandra,100.0,high
POA3712,3712,204011054,Alexandra,100.0,high
POA3713,3713,204011054,Alexandra,99.7,high
POA3713,3713,204011057,Mansfield (Vic.),0.3,low
POA3714,3714,204011054,Alexandra,100.0,high
POA3715,3715,204011057,Mansfield (Vic.),100.0,high
POA3717,3717,204011062,Yea,100.0,high
POA3718,3718,204011062,Yea,100.0,high
POA3719,3719,204011054,Alexandra,100.0,high
POA3720,3720,204011057,Mansfield (Vic.),100.0,high
POA3722,3722,204011057,Mansfield (Vic.),100.0,high
POA3723,3723,204011057,Mansfield (Vic.),98.19,high
POA3723,3723,204021067,Wangaratta Surrounds,1.36,low
POA3723,3723,204021064,Benalla Surrounds,0.37,low
POA3723,3723,204011061,Upper Yarra Valley,0.08,low
POA3723,3723,205051099,Alps - West,0.0,low
POA3725,3725,204021064,Benalla Surrounds,100.0,high
POA3726,3726,204021064,Benalla Surrounds,100.0,high
POA3727,3727,216021412,Moira,100.0,high
POA3728,3728,216021412,Moira,100.0,high
POA3730,3730,216021414,Yarrawonga,89.04,medium
POA3730,3730,216021412,Moira,10.96,low
POA3732,3732,204021067,Wangaratta Surrounds,100.0,high
POA3733,3733,204021067,Wangaratta Surrounds,100.0,high
POA3735,3735,204021067,Wangaratta Surrounds,100.0,high
POA3737,3737,204031071,Myrtleford,97.25,high
POA3737,3737,204031069,Bright - Mount Beauty,2.75,low
POA3738,3738,204031071,Myrtleford,100.0,high
POA3739,3739,204031071,Myrtleford,100.0,high
POA3740,3740,204031069,Bright - Mount Beauty,100.0,high
POA3741,3741,204031069,Bright - Mount Beauty,100.0,high
POA3744,3744,204031069,Bright - Mount Beauty,100.0,high
POA3746,3746,204021067,Wangaratta Surrounds,100.0,high
POA3747,3747,204031068,Beechworth,98.63,high
POA3747,3747,204021067,Wangaratta Surrounds,1.37,low
POA3749,3749,204031075,Yackandandah,100.0,high
POA3750,3750,209041437,Wollert,100.0,high
POA3751,3751,209041225,Whittlesea,100.0,high
POA3752,3752,209041435,South Morang - North,50.33,low
POA3752,3752,209041436,South Morang - South,49.67,low
POA3753,3753,209041224,Wallan,91.46,high
POA3753,3753,209041225,Whittlesea,8.54,low
POA3754,3754,209041527,Doreen - North,32.21,low
POA3754,3754,209041532,Mernda - South,23.63,low
POA3754,3754,209041531,Mernda - North,22.74,low
POA3754,3754,209041528,Doreen - South,20.71,low
POA3754,3754,209031212,Panton Hill - St Andrews,0.7,low
POA3755,3755,209041225,Whittlesea,100.0,high
POA3756,3756,209041224,Wallan,96.85,high
POA3756,3756,210021235,Romsey,3.15,low
POA3757,3757,209041225,Whittlesea,79.91,medium
POA3757,3757,209031211,Kinglake,20.09,low
POA3757,3757,209031212,Panton Hill - St Andrews,0.0,low
POA3758,3758,209041224,Wallan,100.0,high
POA3759,3759,209031212,Panton Hill - St Andrews,100.0,high
POA3760,3760,209031212,Panton Hill - St Andrews,100.0,high
POA3761,3761,209031212,Panton Hill - St Andrews,100.0,high
POA3762,3762,209041224,Wallan,96.6,high
POA3762,3762,210021235,Romsey,3.4,low
POA3763,3763,209031211,Kinglake,100.0,high
POA3763,3763,209031212,Panton Hill - St Andrews,0.0,low
POA3764,3764,204011056,Kilmore - Broadford,98.0,high
POA3764,3764,204011060,Seymour Surrounds,2.0,low
POA3765,3765,211051280,Montrose,100.0,high
POA3765,3765,211051282,Mount Dandenong - Olinda,0.0,low
POA3766,3766,211051282,Mount Dandenong - Olinda,96.41,high
POA3766,3766,211051280,Montrose,3.59,low
POA3767,3767,211051282,Mount Dandenong - Olinda,100.0,high
POA3770,3770,211051278,Lilydale - Coldstream,70.45,medium
POA3770,3770,211051285,Wandin - Seville,29.55,low
POA3775,3775,211051276,Healesville - Yarra Glen,91.06,high
POA3775,3775,209031212,Panton Hill - St Andrews,8.94,low
POA3777,3777,211051276,Healesville - Yarra Glen,94.78,high
POA3777,3777,209031211,Kinglake,5.22,low
POA3777,3777,211051286,Yarra Valley,0.0,low
POA3778,3778,204011054,Alexandra,99.98,high
POA3778,3778,211051276,Healesville - Yarra Glen,0.01,low
POA3778,3778,211051286,Yarra Valley,0.01,low
POA3779,3779,204011054,Alexandra,100.0,high
POA3779,3779,204011061,Upper Yarra Valley,0.0,low
POA3781,3781,212011289,Emerald - Cockatoo,100.0,high
POA3782,3782,212011289,Emerald - Cockatoo,88.92,medium
POA3782,3782,211051279,Monbulk - Silvan,11.08,low
POA3783,3783,212011289,Emerald - Cockatoo,100.0,high
POA3785,3785,211051282,Mount Dandenong - Olinda,100.0,high
POA3786,3786,211051282,Mount Dandenong - Olinda,100.0,high
POA3786,3786,211051284,Upwey - Tecoma,0.0,low
POA3787,3787,211051282,Mount Dandenong - Olinda,100.0,high
POA3788,3788,211051282,Mount Dandenong - Olinda,100.0,high
POA3789,3789,211051282,Mount Dandenong - Olinda,100.0,high
POA3791,3791,211051282,Mount Dandenong - Olinda,100.0,high
POA3792,3792,211051282,Mount Dandenong - Olinda,100.0,high
POA3793,3793,211051279,Monbulk - Silvan,99.02,high
POA3793,3793,211051282,Mount Dandenong - Olinda,0.98,low
POA3795,3795,211051279,Monbulk - Silvan,100.0,high
POA3795,3795,211051282,Mount Dandenong - Olinda,0.0,low
POA3796,3796,211051283,Mount Evelyn,100.0,high
POA3797,3797,211051286,Yarra Valley,100.0,high
POA3799,3799,211051286,Yarra Valley,95.99,high
POA3799,3799,204011061,Upper Yarra Valley,4.01,low
POA3802,3802,212021454,Endeavour Hills - South,54.72,low
POA3802,3802,212021453,Endeavour Hills - North,45.28,low
POA3803,3803,212021297,Hallam,99.31,high
POA3803,3803,212021299,Narre Warren North,0.69,low
POA3803,3803,212021454,Endeavour Hills - South,0.0,low
POA3804,3804,212021299,Narre Warren North,85.73,medium
POA3804,3804,212021455,Narre Warren - North East,9.11,low
POA3804,3804,211051274,Belgrave - Selby,5.15,low
POA3805,3805,212031458,Narre Warren South - West,28.54,low
POA3805,3805,212021456,Narre Warren - South West,25.17,low
POA3805,3805,212031457,Narre Warren South - East,22.43,low
POA3805,3805,212021455,Narre Warren - North East,21.71,low
POA3805,3805,212021554,Berwick - South West,1.82,low
POA3805,3805,212021297,Hallam,0.34,low
POA3805,3805,212021293,Berwick - North,0.0,low
POA3806,3806,212021293,Berwick - North,44.71,low
POA3806,3806,212021553,Berwick - South East,33.64,low
POA3806,3806,212021554,Berwick - South West,19.91,low
POA3806,3806,212021299,Narre Warren North,1.75,low
POA3807,3807,212011546,Beaconsfield - Officer,93.25,high
POA3807,3807,212021553,Berwick - South East,6.75,low
POA3808,3808,212011289,Emerald - Cockatoo,100.0,high
POA3808,3808,212011546,Beaconsfield - Officer,0.0,low
POA3809,3809,212011546,Beaconsfield - Officer,83.87,medium
POA3809,3809,212011550,Pakenham - North West,10.08,low
POA3809,3809,212011548,Koo Wee Rup,6.05,low
POA3810,3810,212011552,Pakenham - South West,48.2,low
POA3810,3810,212011549,Pakenham - North East,27.73,low
POA3810,3810,212011551,Pakenham - South East,11.53,low
POA3810,3810,212011550,Pakenham - North West,9.91,low
POA3810,3810,212011289,Emerald - Cockatoo,2.16,low
POA3810,3810,212011548,Koo Wee Rup,0.48,low
POA3812,3812,212011547,Bunyip - Garfield,97.83,high
POA3812,3812,212011551,Pakenham - South East,1.33,low
POA3812,3812,212011549,Pakenham - North East,0.84,low
POA3813,3813,212011547,Bunyip - Garfield,100.0,high
POA3814,3814,212011547,Bunyip - Garfield,100.0,high
POA3815,3815,212011547,Bunyip - Garfield,100.0,high
POA3816,3816,205011076,Drouin,96.24,high
POA3816,3816,212011547,Bunyip - Garfield,3.76,low
POA3818,3818,205011076,Drouin,95.84,high
POA3818,3818,205011077,Mount Baw Baw Region,3.37,low
POA3818,3818,205011079,Warragul,0.79,low
POA3820,3820,205011079,Warragul,100.0,high
POA3821,3821,205011079,Warragul,56.52,low
POA3821,3821,205011077,Mount Baw Baw Region,37.6,low
POA3821,3821,205011078,Trafalgar (Vic.),5.88,low
POA3822,3822,205011079,Warragul,100.0,high
POA3823,3823,205011078,Trafalgar (Vic.),100.0,high
POA3823,3823,205031090,Leongatha,0.0,low
POA3824,3824,205011078,Trafalgar (Vic.),100.0,high
POA3825,3825,205041095,Moe - Newborough,82.06,medium
POA3825,3825,205011077,Mount Baw Baw Region,10.55,low
POA3825,3825,205041098,Yallourn North - Glengarry,7.14,low
POA3825,3825,205011078,Trafalgar (Vic.),0.26,low
POA3825,3825,205051101,Maffra,0.0,low
POA3831,3831,205011077,Mount Baw Baw Region,100.0,high
POA3832,3832,205011077,Mount Baw Baw Region,100.0,high
POA3833,3833,205011077,Mount Baw Baw Region,100.0,high
POA3833,3833,204011061,Upper Yarra Valley,0.0,low
POA3835,3835,205011078,Trafalgar (Vic.),100.0,high
POA3840,3840,205041096,Morwell,83.8,medium
POA3840,3840,205041094,Churchill,16.2,low
POA3842,3842,205041094,Churchill,100.0,high
POA3844,3844,205041494,Traralgon - West,53.97,low
POA3844,3844,205041493,Traralgon - East,38.51,low
POA3844,3844,205041094,Churchill,3.37,low
POA3844,3844,205041098,Yallourn North - Glengarry,2.85,low
POA3844,3844,205051104,Yarram,1.02,low
POA3844,3844,205051102,Rosedale,0.28,low
POA3844,3844,205041096,Morwell,0.0,low
POA3847,3847,205051102,Rosedale,93.66,high
POA3847,3847,205051104,Yarram,6.34,low
POA3850,3850,205051103,Sale,98.6,high
POA3850,3850,205051100,Longford - Loch Sport,1.4,low
POA3851,3851,205051100,Longford - Loch Sport,68.96,medium
POA3851,3851,205051102,Rosedale,18.48,low
POA3851,3851,205051101,Maffra,9.37,low
POA3851,3851,205051104,Yarram,2.51,low
POA3851,3851,205051103,Sale,0.69,low
POA3852,3852,205051100,Longford - Loch Sport,100.0,high
POA3854,3854,205041098,Yallourn North - Glengarry,83.66,medium
POA3854,3854,205051102,Rosedale,16.34,low
POA3856,3856,205041098,Yallourn North - Glengarry,91.6,high
POA3856,3856,205051102,Rosedale,8.4,low
POA3857,3857,205051102,Rosedale,78.73,medium
POA3857,3857,205041098,Yallourn North - Glengarry,19.24,low
POA3857,3857,205051101,Maffra,2.03,low
POA3858,3858,205051101,Maffra,80.99,medium
POA3858,3858,205051102,Rosedale,18.5,low
POA3858,3858,205051099,Alps - West,0.52,low
POA3858,3858,204011057,Mansfield (Vic.),0.0,low
POA3859,3859,205051101,Maffra,100.0,high
POA3860,3860,205051101,Maffra,100.0,high
POA3860,3860,205051099,Alps - West,0.0,low
POA3862,3862,205051101,Maffra,91.08,high
POA3862,3862,205051100,Longford - Loch Sport,5.36,low
POA3862,3862,205021082,Bruthen - Omeo,3.27,low
POA3862,3862,205051099,Alps - West,0.28,low
POA3862,3862,204031069,Bright - Mount Beauty,0.0,low
POA3862,3862,205021086,Paynesville,0.0,low
POA3864,3864,205021082,Bruthen - Omeo,100.0,high
POA3865,3865,205021082,Bruthen - Omeo,100.0,high
POA3869,3869,205041094,Churchill,100.0,high
POA3870,3870,205041094,Churchill,99.7,high
POA3870,3870,205051104,Yarram,0.3,low
POA3871,3871,205031090,Leongatha,92.17,high
POA3871,3871,205011078,Trafalgar (Vic.),2.99,low
POA3871,3871,205041094,Churchill,2.79,low
POA3871,3871,205031087,Foster,2.04,low
POA3873,3873,205051102,Rosedale,100.0,high
POA3874,3874,205051104,Yarram,100.0,high
POA3875,3875,205021081,Bairnsdale,78.36,medium
POA3875,3875,205021082,Bruthen - Omeo,14.42,low
POA3875,3875,205021086,Paynesville,7.22,low
POA3875,3875,205021083,Lake King,0.0,low
POA3878,3878,205021086,Paynesville,100.0,high
POA3880,3880,205021086,Paynesville,99.66,high
POA3880,3880,205051100,Longford - Loch Sport,0.34,low
POA3880,3880,205021083,Lake King,0.0,low
POA3882,3882,205021082,Bruthen - Omeo,100.0,high
POA3882,3882,205021083,Lake King,0.0,low
POA3885,3885,205021082,Bruthen - Omeo,76.98,medium
POA3885,3885,205021085,Orbost,23.01,low
POA3885,3885,205021080,Alps - East,0.0,low
POA3885,3885,205021084,Lakes Entrance,0.0,low
POA3886,3886,205021085,Orbost,100.0,high
POA3887,3887,205021085,Orbost,100.0,high
POA3888,3888,205021085,Orbost,100.0,high
POA3889,3889,205021085,Orbost,100.0,high
POA3890,3890,205021085,Orbost,100.0,high
POA3891,3891,205021085,Orbost,100.0,high
POA3892,3892,205021085,Orbost,100.0,high
POA3893,3893,205021082,Bruthen - Omeo,100.0,high
POA3895,3895,205021082,Bruthen - Omeo,100.0,high
POA3896,3896,205021082,Bruthen - Omeo,99.99,high
POA3896,3896,205021080,Alps - East,0.01,low
POA3898,3898,205021082,Bruthen - Omeo,81.22,medium
POA3898,3898,204031069,Bright - Mount Beauty,18.78,low
POA3900,3900,205021082,Bruthen - Omeo,99.99,high
POA3900,3900,205021080,Alps - East,0.01,low
POA3902,3902,205021082,Bruthen - Omeo,100.0,high
POA3903,3903,205021084,Lakes Entrance,100.0,high
POA3904,3904,205021084,Lakes Entrance,100.0,high
POA3904,3904,205021083,Lake King,0.0,low
POA3909,3909,205021084,Lakes Entrance,96.39,high
POA3909,3909,205021085,Orbost,3.61,low
POA3909,3909,205051100,Longford - Loch Sport,0.0,low
POA3910,3910,214011374,Langwarrin,100.0,high
POA3911,3911,214021385,Somerville,61.42,medium
POA3911,3911,214011374,Langwarrin,38.58,low
POA3912,3912,214021385,Somerville,76.17,medium
POA3912,3912,212031308,Pearcedale - Tooradin,23.83,low
POA3913,3913,214021385,Somerville,100.0,high
POA3915,3915,214021379,Hastings - Somers,96.68,high
POA3915,3915,214021378,Flinders,3.32,low
POA3916,3916,214021378,Flinders,100.0,high
POA3918,3918,214021379,Hastings - Somers,100.0,high
POA3919,3919,214021379,Hastings - Somers,100.0,high
POA3920,3920,214021379,Hastings - Somers,100.0,high
POA3921,3921,205031088,French Island,100.0,high
POA3922,3922,205031091,Phillip Island,100.0,high
POA3923,3923,205031091,Phillip Island,100.0,high
POA3925,3925,205031091,Phillip Island,62.46,medium
POA3925,3925,205031093,Wonthaggi - Inverloch,37.54,low
POA3926,3926,214021379,Hastings - Somers,87.73,medium
POA3926,3926,214021378,Flinders,12.27,low
POA3927,3927,214021379,Hastings - Somers,100.0,high
POA3928,3928,214021378,Flinders,100.0,high
POA3929,3929,214021378,Flinders,100.0,high
POA3930,3930,214021381,Mount Eliza,100.0,high
POA3931,3931,214021591,Mornington - East,58.89,low
POA3931,3931,214021592,Mornington - West,41.11,low
POA3933,3933,214021385,Somerville,100.0,high
POA3934,3934,214021382,Mount Martha,100.0,high
POA3936,3936,214021377,Dromana,100.0,high
POA3937,3937,214021378,Flinders,100.0,high
POA3938,3938,214021384,Rosebud - McCrae,100.0,high
POA3939,3939,214021384,Rosebud - McCrae,90.47,high
POA3939,3939,214021378,Flinders,5.57,low
POA3939,3939,214021383,Point Nepean,3.96,low
POA3940,3940,214021384,Rosebud - McCrae,100.0,high
POA3941,3941,214021383,Point Nepean,100.0,high
POA3942,3942,214021383,Point Nepean,100.0,high
POA3943,3943,214021383,Point Nepean,100.0,high
POA3944,3944,214021383,Point Nepean,100.0,high
POA3945,3945,205031089,Korumburra,76.06,medium
POA3945,3945,205031093,Wonthaggi - Inverloch,23.94,low
POA3946,3946,205031089,Korumburra,100.0,high
POA3950,3950,205031089,Korumburra,100.0,high
POA3951,3951,205031089,Korumburra,94.86,high
POA3951,3951,205031090,Leongatha,5.14,low
POA3953,3953,205031090,Leongatha,100.0,high
POA3954,3954,205031090,Leongatha,100.0,high
POA3956,3956,205031087,Foster,97.05,high
POA3956,3956,205031090,Leongatha,2.95,low
POA3957,3957,205031087,Foster,100.0,high
POA3958,3958,205031087,Foster,100.0,high
POA3959,3959,205031087,Foster,100.0,high
POA3960,3960,205031087,Foster,99.4,high
POA3960,3960,205031092,Wilsons Promontory,0.6,low
POA3962,3962,205031087,Foster,95.93,high
POA3962,3962,205051104,Yarram,4.07,low
POA3964,3964,205031087,Foster,100.0,high
POA3965,3965,205031087,Foster,100.0,high
POA3966,3966,205031087,Foster,79.92,medium
POA3966,3966,205051104,Yarram,20.08,low
POA3967,3967,205031087,Foster,77.91,medium
POA3967,3967,205051104,Yarram,22.09,low
POA3971,3971,205051104,Yarram,100.0,high
POA3971,3971,205041094,Churchill,0.0,low
POA3975,3975,212031306,Lynbrook - Lyndhurst,99.92,high
POA3975,3975,212041564,Dandenong - South,0.08,low
POA3976,3976,212031562,Hampton Park - West,51.27,low
POA3976,3976,212031561,Hampton Park - East,48.73,low
POA3977,3977,212031304,Cranbourne West,18.37,low
POA3977,3977,212031300,Cranbourne,18.12,low
POA3977,3977,212031557,Cranbourne East - North,13.23,low
POA3977,3977,214011376,Skye - Sandhurst,11.37,low
POA3977,3977,212031559,Cranbourne North - East,10.88,low
POA3977,3977,212031560,Cranbourne North - West,10.18,low
POA3977,3977,212031303,Cranbourne South,9.38,low
POA3977,3977,212031558,Cranbourne East - South,7.82,low
POA3977,3977,212031308,Pearcedale - Tooradin,0.65,low
POA3978,3978,212031556,Clyde North - South,34.27,low
POA3978,3978,212031555,Clyde North - North,24.38,low
POA3978,3978,212031557,Cranbourne East - North,18.36,low
POA3978,3978,212031303,Cranbourne South,14.96,low
POA3978,3978,212031558,Cranbourne East - South,7.25,low
POA3978,3978,212011548,Koo Wee Rup,0.79,low
POA3979,3979,205031093,Wonthaggi - Inverloch,100.0,high
POA3980,3980,212031308,Pearcedale - Tooradin,99.41,high
POA3980,3980,212011548,Koo Wee Rup,0.59,low
POA3981,3981,212011548,Koo Wee Rup,97.64,high
POA3981,3981,205011076,Drouin,1.5,low
POA3981,3981,212011547,Bunyip - Garfield,0.86,low
POA3984,3984,205031093,Wonthaggi - Inverloch,60.84,medium
POA3984,3984,212011548,Koo Wee Rup,38.97,low
POA3984,3984,205031089,Korumburra,0.19,low
POA3987,3987,205031089,Korumburra,96.54,high
POA3987,3987,212011548,Koo Wee Rup,3.46,low
POA3988,3988,205031089,Korumburra,92.21,high
POA3988,3988,205011079,Warragul,7.79,low
POA3990,3990,205031093,Wonthaggi - Inverloch,100.0,high
POA3991,3991,205031093,Wonthaggi - Inverloch,100.0,high
POA3992,3992,205031093,Wonthaggi - Inverloch,100.0,high
POA3995,3995,205031093,Wonthaggi - Inverloch,100.0,high
POA3996,3996,205031093,Wonthaggi - Inverloch,98.78,high
POA3996,3996,205031087,Foster,1.22,low
