poa_code_2021,postcode,display_label
POA3000,3000,Postcode 3000
POA3002,3002,Postcode 3002
POA3003,3003,Postcode 3003
POA3004,3004,Postcode 3004
POA3006,3006,Postcode 3006
POA3008,3008,Postcode 3008
POA3011,3011,Postcode 3011
POA3012,3012,Postcode 3012
POA3013,3013,Postcode 3013
POA3015,3015,Postcode 3015
POA3016,3016,Postcode 3016
POA3018,3018,Postcode 3018
POA3019,3019,Postcode 3019
POA3020,3020,Postcode 3020
POA3021,3021,Postcode 3021
POA3022,3022,Postcode 3022
POA3023,3023,Postcode 3023
POA3024,3024,Postcode 3024
POA3025,3025,Postcode 3025
POA3026,3026,Postcode 3026
POA3027,3027,Postcode 3027
POA3028,3028,Postcode 3028
POA3029,3029,Postcode 3029
POA3030,3030,Postcode 3030
POA3031,3031,Postcode 3031
POA3032,3032,Postcode 3032
POA3033,3033,Postcode 3033
POA3034,3034,Postcode 3034
POA3036,3036,Postcode 3036
POA3037,3037,Postcode 3037
POA3038,3038,Postcode 3038
POA3039,3039,Postcode 3039
POA3040,3040,Postcode 3040
POA3041,3041,Postcode 3041
POA3042,3042,Postcode 3042
POA3043,3043,Postcode 3043
POA3044,3044,Postcode 3044
POA3045,3045,Postcode 3045
POA3046,3046,Postcode 3046
POA3047,3047,Postcode 3047
POA3048,3048,Postcode 3048
POA3049,3049,Postcode 3049
POA3051,3051,Postcode 3051
POA3052,3052,Postcode 3052
POA3053,3053,Postcode 3053
POA3054,3054,Postcode 3054
POA3055,3055,Postcode 3055
POA3056,3056,Postcode 3056
POA3057,3057,Postcode 3057
POA3058,3058,Postcode 3058
POA3059,3059,Postcode 3059
POA3060,3060,Postcode 3060
POA3061,3061,Postcode 3061
POA3062,3062,Postcode 3062
POA3063,3063,Postcode 3063
POA3064,3064,Postcode 3064
POA3065,3065,Postcode 3065
POA3066,3066,Postcode 3066
POA3067,3067,Postcode 3067
POA3068,3068,Postcode 3068
POA3070,3070,Postcode 3070
POA3071,3071,Postcode 3071
POA3072,3072,Postcode 3072
POA3073,3073,Postcode 3073
POA3074,3074,Postcode 3074
POA3075,3075,Postcode 3075
POA3076,3076,Postcode 3076
POA3078,3078,Postcode 3078
POA3079,3079,Postcode 3079
POA3081,3081,Postcode 3081
POA3082,3082,Postcode 3082
POA3083,3083,Postcode 3083
POA3084,3084,Postcode 3084
POA3085,3085,Postcode 3085
POA3087,3087,Postcode 3087
POA3088,3088,Postcode 3088
POA3089,3089,Postcode 3089
POA3090,3090,Postcode 3090
POA3091,3091,Postcode 3091
POA3093,3093,Postcode 3093
POA3094,3094,Postcode 3094
POA3095,3095,Postcode 3095
POA3096,3096,Postcode 3096
POA3097,3097,Postcode 3097
POA3099,3099,Postcode 3099
POA3101,3101,Postcode 3101
POA3102,3102,Postcode 3102
POA3103,3103,Postcode 3103
POA3104,3104,Postcode 3104
POA3105,3105,Postcode 3105
POA3106,3106,Postcode 3106
POA3107,3107,Postcode 3107
POA3108,3108,Postcode 3108
POA3109,3109,Postcode 3109
POA3111,3111,Postcode 3111
POA3113,3113,Postcode 3113
POA3114,3114,Postcode 3114
POA3115,3115,Postcode 3115
POA3116,3116,Postcode 3116
POA3121,3121,Postcode 3121
POA3122,3122,Postcode 3122
POA3123,3123,Postcode 3123
POA3124,3124,Postcode 3124
POA3125,3125,Postcode 3125
POA3126,3126,Postcode 3126
POA3127,3127,Postcode 3127
POA3128,3128,Postcode 3128
POA3129,3129,Postcode 3129
POA3130,3130,Postcode 3130
POA3131,3131,Postcode 3131
POA3132,3132,Postcode 3132
POA3133,3133,Postcode 3133
POA3134,3134,Postcode 3134
POA3135,3135,Postcode 3135
POA3136,3136,Postcode 3136
POA3137,3137,Postcode 3137
POA3138,3138,Postcode 3138
POA3139,3139,Postcode 3139
POA3140,3140,Postcode 3140
POA3141,3141,Postcode 3141
POA3142,3142,Postcode 3142
POA3143,3143,Postcode 3143
POA3144,3144,Postcode 3144
POA3145,3145,Postcode 3145
POA3146,3146,Postcode 3146
POA3147,3147,Postcode 3147
POA3148,3148,Postcode 3148
POA3149,3149,Postcode 3149
POA3150,3150,Postcode 3150
POA3151,3151,Postcode 3151
POA3152,3152,Postcode 3152
POA3153,3153,Postcode 3153
POA3154,3154,Postcode 3154
POA3155,3155,Postcode 3155
POA3156,3156,Postcode 3156
POA3158,3158,Postcode 3158
POA3159,3159,Postcode 3159
POA3160,3160,Postcode 3160
POA3161,3161,Postcode 3161
POA3162,3162,Postcode 3162
POA3163,3163,Postcode 3163
POA3165,3165,Postcode 3165
POA3166,3166,Postcode 3166
POA3167,3167,Postcode 3167
POA3168,3168,Postcode 3168
POA3169,3169,Postcode 3169
POA3170,3170,Postcode 3170
POA3171,3171,Postcode 3171
POA3172,3172,Postcode 3172
POA3173,3173,Postcode 3173
POA3174,3174,Postcode 3174
POA3175,3175,Postcode 3175
POA3177,3177,Postcode 3177
POA3178,3178,Postcode 3178
POA3179,3179,Postcode 3179
POA3180,3180,Postcode 3180
POA3181,3181,Postcode 3181
POA3182,3182,Postcode 3182
POA3183,3183,Postcode 3183
POA3184,3184,Postcode 3184
POA3185,3185,Postcode 3185
POA3186,3186,Postcode 3186
POA3187,3187,Postcode 3187
POA3188,3188,Postcode 3188
POA3189,3189,Postcode 3189
POA3190,3190,Postcode 3190
POA3191,3191,Postcode 3191
POA3192,3192,Postcode 3192
POA3193,3193,Postcode 3193
POA3194,3194,Postcode 3194
POA3195,3195,Postcode 3195
POA3196,3196,Postcode 3196
POA3197,3197,Postcode 3197
POA3198,3198,Postcode 3198
POA3199,3199,Postcode 3199
POA3200,3200,Postcode 3200
POA3201,3201,Postcode 3201
POA3202,3202,Postcode 3202
POA3204,3204,Postcode 3204
POA3205,3205,Postcode 3205
POA3206,3206,Postcode 3206
POA3207,3207,Postcode 3207
POA3211,3211,Postcode 3211
POA3212,3212,Postcode 3212
POA3213,3213,Postcode 3213
POA3214,3214,Postcode 3214
POA3215,3215,Postcode 3215
POA3216,3216,Postcode 3216
POA3217,3217,Postcode 3217
POA3218,3218,Postcode 3218
POA3219,3219,Postcode 3219
POA3220,3220,Postcode 3220
POA3221,3221,Postcode 3221
POA3222,3222,Postcode 3222
POA3223,3223,Postcode 3223
POA3224,3224,Postcode 3224
POA3225,3225,Postcode 3225
POA3226,3226,Postcode 3226
POA3227,3227,Postcode 3227
POA3228,3228,Postcode 3228
POA3230,3230,Postcode 3230
POA3231,3231,Postcode 3231
POA3232,3232,Postcode 3232
POA3233,3233,Postcode 3233
POA3234,3234,Postcode 3234
POA3235,3235,Postcode 3235
POA3236,3236,Postcode 3236
POA3237,3237,Postcode 3237
POA3238,3238,Postcode 3238
POA3239,3239,Postcode 3239
POA3240,3240,Postcode 3240
POA3241,3241,Postcode 3241
POA3242,3242,Postcode 3242
POA3243,3243,Postcode 3243
POA3249,3249,Postcode 3249
POA3250,3250,Postcode 3250
POA3251,3251,Postcode 3251
POA3254,3254,Postcode 3254
POA3260,3260,Postcode 3260
POA3264,3264,Postcode 3264
POA3265,3265,Postcode 3265
POA3266,3266,Postcode 3266
POA3267,3267,Postcode 3267
POA3268,3268,Postcode 3268
POA3269,3269,Postcode 3269
POA3270,3270,Postcode 3270
POA3271,3271,Postcode 3271
POA3272,3272,Postcode 3272
POA3273,3273,Postcode 3273
POA3274,3274,Postcode 3274
POA3275,3275,Postcode 3275
POA3276,3276,Postcode 3276
POA3277,3277,Postcode 3277
POA3278,3278,Postcode 3278
POA3279,3279,Postcode 3279
POA3280,3280,Postcode 3280
POA3281,3281,Postcode 3281
POA3282,3282,Postcode 3282
POA3283,3283,Postcode 3283
POA3284,3284,Postcode 3284
POA3285,3285,Postcode 3285
POA3286,3286,Postcode 3286
POA3287,3287,Postcode 3287
POA3289,3289,Postcode 3289
POA3292,3292,Postcode 3292
POA3293,3293,Postcode 3293
POA3294,3294,Postcode 3294
POA3300,3300,Postcode 3300
POA3301,3301,Postcode 3301
POA3302,3302,Postcode 3302
POA3303,3303,Postcode 3303
POA3304,3304,Postcode 3304
POA3305,3305,Postcode 3305
POA3309,3309,Postcode 3309
POA3310,3310,Postcode 3310
POA3311,3311,Postcode 3311
POA3312,3312,Postcode 3312
POA3314,3314,Postcode 3314
POA3315,3315,Postcode 3315
POA3317,3317,Postcode 3317
POA3318,3318,Postcode 3318
POA3319,3319,Postcode 3319
POA3321,3321,Postcode 3321
POA3322,3322,Postcode 3322
POA3323,3323,Postcode 3323
POA3324,3324,Postcode 3324
POA3325,3325,Postcode 3325
POA3328,3328,Postcode 3328
POA3329,3329,Postcode 3329
POA3330,3330,Postcode 3330
POA3331,3331,Postcode 3331
POA3332,3332,Postcode 3332
POA3333,3333,Postcode 3333
POA3334,3334,Postcode 3334
POA3335,3335,Postcode 3335
POA3336,3336,Postcode 3336
POA3337,3337,Postcode 3337
POA3338,3338,Postcode 3338
POA3340,3340,Postcode 3340
POA3341,3341,Postcode 3341
POA3342,3342,Postcode 3342
POA3345,3345,Postcode 3345
POA3350,3350,Postcode 3350
POA3351,3351,Postcode 3351
POA3352,3352,Postcode 3352
POA3355,3355,Postcode 3355
POA3356,3356,Postcode 3356
POA3357,3357,Postcode 3357
POA3358,3358,Postcode 3358
POA3360,3360,Postcode 3360
POA3361,3361,Postcode 3361
POA3363,3363,Postcode 3363
POA3364,3364,Postcode 3364
POA3370,3370,Postcode 3370
POA3371,3371,Postcode 3371
POA3373,3373,Postcode 3373
POA3374,3374,Postcode 3374
POA3375,3375,Postcode 3375
POA3377,3377,Postcode 3377
POA3378,3378,Postcode 3378
POA3379,3379,Postcode 3379
POA3380,3380,Postcode 3380
POA3381,3381,Postcode 3381
POA3384,3384,Postcode 3384
POA3385,3385,Postcode 3385
POA3387,3387,Postcode 3387
POA3388,3388,Postcode 3388
POA3390,3390,Postcode 3390
POA3391,3391,Postcode 3391
POA3392,3392,Postcode 3392
POA3393,3393,Postcode 3393
POA3395,3395,Postcode 3395
POA3396,3396,Postcode 3396
POA3400,3400,Postcode 3400
POA3401,3401,Postcode 3401
POA3407,3407,Postcode 3407
POA3409,3409,Postcode 3409
POA3412,3412,Postcode 3412
POA3413,3413,Postcode 3413
POA3414,3414,Postcode 3414
POA3415,3415,Postcode 3415
POA3418,3418,Postcode 3418
POA3419,3419,Postcode 3419
POA3420,3420,Postcode 3420
POA3423,3423,Postcode 3423
POA3424,3424,Postcode 3424
POA3427,3427,Postcode 3427
POA3428,3428,Postcode 3428
POA3429,3429,Postcode 3429
POA3430,3430,Postcode 3430
POA3431,3431,Postcode 3431
POA3432,3432,Postcode 3432
POA3433,3433,Postcode 3433
POA3434,3434,Postcode 3434
POA3435,3435,Postcode 3435
POA3437,3437,Postcode 3437
POA3438,3438,Postcode 3438
POA3440,3440,Postcode 3440
POA3441,3441,Postcode 3441
POA3442,3442,Postcode 3442
POA3444,3444,Postcode 3444
POA3446,3446,Postcode 3446
POA3447,3447,Postcode 3447
POA3448,3448,Postcode 3448
POA3450,3450,Postcode 3450
POA3451,3451,Postcode 3451
POA3453,3453,Postcode 3453
POA3458,3458,Postcode 3458
POA3460,3460,Postcode 3460
POA3461,3461,Postcode 3461
POA3462,3462,Postcode 3462
POA3463,3463,Postcode 3463
POA3464,3464,Postcode 3464
POA3465,3465,Postcode 3465
POA3467,3467,Postcode 3467
POA3468,3468,Postcode 3468
POA3469,3469,Postcode 3469
POA3472,3472,Postcode 3472
POA3475,3475,Postcode 3475
POA3477,3477,Postcode 3477
POA3478,3478,Postcode 3478
POA3480,3480,Postcode 3480
POA3482,3482,Postcode 3482
POA3483,3483,Postcode 3483
POA3485,3485,Postcode 3485
POA3487,3487,Postcode 3487
POA3488,3488,Postcode 3488
POA3489,3489,Postcode 3489
POA3490,3490,Postcode 3490
POA3491,3491,Postcode 3491
POA3494,3494,Postcode 3494
POA3496,3496,Postcode 3496
POA3498,3498,Postcode 3498
POA3500,3500,Postcode 3500
POA3501,3501,Postcode 3501
POA3505,3505,Postcode 3505
POA3506,3506,Postcode 3506
POA3507,3507,Postcode 3507
POA3509,3509,Postcode 3509
POA3512,3512,Postcode 3512
POA3515,3515,Postcode 3515
POA3516,3516,Postcode 3516
POA3517,3517,Postcode 3517
POA3518,3518,Postcode 3518
POA3520,3520,Postcode 3520
POA3521,3521,Postcode 3521
POA3522,3522,Postcode 3522
POA3523,3523,Postcode 3523
POA3525,3525,Postcode 3525
POA3527,3527,Postcode 3527
POA3529,3529,Postcode 3529
POA3530,3530,Postcode 3530
POA3531,3531,Postcode 3531
POA3533,3533,Postcode 3533
POA3537,3537,Postcode 3537
POA3540,3540,Postcode 3540
POA3542,3542,Postcode 3542
POA3544,3544,Postcode 3544
POA3546,3546,Postcode 3546
POA3549,3549,Postcode 3549
POA3550,3550,Postcode 3550
POA3551,3551,Postcode 3551
POA3555,3555,Postcode 3555
POA3556,3556,Postcode 3556
POA3557,3557,Postcode 3557
POA3558,3558,Postcode 3558
POA3559,3559,Postcode 3559
POA3561,3561,Postcode 3561
POA3562,3562,Postcode 3562
POA3563,3563,Postcode 3563
POA3564,3564,Postcode 3564
POA3565,3565,Postcode 3565
POA3566,3566,Postcode 3566
POA3567,3567,Postcode 3567
POA3568,3568,Postcode 3568
POA3570,3570,Postcode 3570
POA3571,3571,Postcode 3571
POA3572,3572,Postcode 3572
POA3573,3573,Postcode 3573
POA3575,3575,Postcode 3575
POA3576,3576,Postcode 3576
POA3579,3579,Postcode 3579
POA3580,3580,Postcode 3580
POA3581,3581,Postcode 3581
POA3583,3583,Postcode 3583
POA3584,3584,Postcode 3584
POA3585,3585,Postcode 3585
POA3586,3586,Postcode 3586
POA3588,3588,Postcode 3588
POA3589,3589,Postcode 3589
POA3590,3590,Postcode 3590
POA3591,3591,Postcode 3591
POA3594,3594,Postcode 3594
POA3595,3595,Postcode 3595
POA3596,3596,Postcode 3596
POA3597,3597,Postcode 3597
POA3599,3599,Postcode 3599
POA3607,3607,Postcode 3607
POA3608,3608,Postcode 3608
POA3610,3610,Postcode 3610
POA3612,3612,Postcode 3612
POA3614,3614,Postcode 3614
POA3616,3616,Postcode 3616
POA3617,3617,Postcode 3617
POA3618,3618,Postcode 3618
POA3620,3620,Postcode 3620
POA3621,3621,Postcode 3621
POA3622,3622,Postcode 3622
POA3623,3623,Postcode 3623
POA3624,3624,Postcode 3624
POA3629,3629,Postcode 3629
POA3630,3630,Postcode 3630
POA3631,3631,Postcode 3631
POA3633,3633,Postcode 3633
POA3634,3634,Postcode 3634
POA3635,3635,Postcode 3635
POA3636,3636,Postcode 3636
POA3637,3637,Postcode 3637
POA3638,3638,Postcode 3638
POA3639,3639,Postcode 3639
POA3640,3640,Postcode 3640
POA3641,3641,Postcode 3641
POA3644,3644,Postcode 3644
POA3646,3646,Postcode 3646
POA3647,3647,Postcode 3647
POA3649,3649,Postcode 3649
POA3658,3658,Postcode 3658
POA3659,3659,Postcode 3659
POA3660,3660,Postcode 3660
POA3662,3662,Postcode 3662
POA3663,3663,Postcode 3663
POA3664,3664,Postcode 3664
POA3665,3665,Postcode 3665
POA3666,3666,Postcode 3666
POA3669,3669,Postcode 3669
POA3670,3670,Postcode 3670
POA3672,3672,Postcode 3672
POA3673,3673,Postcode 3673
POA3675,3675,Postcode 3675
POA3677,3677,Postcode 3677
POA3678,3678,Postcode 3678
POA3682,3682,Postcode 3682
POA3683,3683,Postcode 3683
POA3685,3685,Postcode 3685
POA3687,3687,Postcode 3687
POA3688,3688,Postcode 3688
POA3690,3690,Postcode 3690
POA3691,3691,Postcode 3691
POA3695,3695,Postcode 3695
POA3697,3697,Postcode 3697
POA3698,3698,Postcode 3698
POA3699,3699,Postcode 3699
POA3700,3700,Postcode 3700
POA3701,3701,Postcode 3701
POA3704,3704,Postcode 3704
POA3705,3705,Postcode 3705
POA3707,3707,Postcode 3707
POA3708,3708,Postcode 3708
POA3709,3709,Postcode 3709
POA3711,3711,Postcode 3711
POA3712,3712,Postcode 3712
POA3713,3713,Postcode 3713
POA3714,3714,Postcode 3714
POA3715,3715,Postcode 3715
POA3717,3717,Postcode 3717
POA3718,3718,Postcode 3718
POA3719,3719,Postcode 3719
POA3720,3720,Postcode 3720
POA3722,3722,Postcode 3722
POA3723,3723,Postcode 3723
POA3725,3725,Postcode 3725
POA3726,3726,Postcode 3726
POA3727,3727,Postcode 3727
POA3728,3728,Postcode 3728
POA3730,3730,Postcode 3730
POA3732,3732,Postcode 3732
POA3733,3733,Postcode 3733
POA3735,3735,Postcode 3735
POA3737,3737,Postcode 3737
POA3738,3738,Postcode 3738
POA3739,3739,Postcode 3739
POA3740,3740,Postcode 3740
POA3741,3741,Postcode 3741
POA3744,3744,Postcode 3744
POA3746,3746,Postcode 3746
POA3747,3747,Postcode 3747
POA3749,3749,Postcode 3749
POA3750,3750,Postcode 3750
POA3751,3751,Postcode 3751
POA3752,3752,Postcode 3752
POA3753,3753,Postcode 3753
POA3754,3754,Postcode 3754
POA3755,3755,Postcode 3755
POA3756,3756,Postcode 3756
POA3757,3757,Postcode 3757
POA3758,3758,Postcode 3758
POA3759,3759,Postcode 3759
POA3760,3760,Postcode 3760
POA3761,3761,Postcode 3761
POA3762,3762,Postcode 3762
POA3763,3763,Postcode 3763
POA3764,3764,Postcode 3764
POA3765,3765,Postcode 3765
POA3766,3766,Postcode 3766
POA3767,3767,Postcode 3767
POA3770,3770,Postcode 3770
POA3775,3775,Postcode 3775
POA3777,3777,Postcode 3777
POA3778,3778,Postcode 3778
POA3779,3779,Postcode 3779
POA3781,3781,Postcode 3781
POA3782,3782,Postcode 3782
POA3783,3783,Postcode 3783
POA3785,3785,Postcode 3785
POA3786,3786,Postcode 3786
POA3787,3787,Postcode 3787
POA3788,3788,Postcode 3788
POA3789,3789,Postcode 3789
POA3791,3791,Postcode 3791
POA3792,3792,Postcode 3792
POA3793,3793,Postcode 3793
POA3795,3795,Postcode 3795
POA3796,3796,Postcode 3796
POA3797,3797,Postcode 3797
POA3799,3799,Postcode 3799
POA3802,3802,Postcode 3802
POA3803,3803,Postcode 3803
POA3804,3804,Postcode 3804
POA3805,3805,Postcode 3805
POA3806,3806,Postcode 3806
POA3807,3807,Postcode 3807
POA3808,3808,Postcode 3808
POA3809,3809,Postcode 3809
POA3810,3810,Postcode 3810
POA3812,3812,Postcode 3812
POA3813,3813,Postcode 3813
POA3814,3814,Postcode 3814
POA3815,3815,Postcode 3815
POA3816,3816,Postcode 3816
POA3818,3818,Postcode 3818
POA3820,3820,Postcode 3820
POA3821,3821,Postcode 3821
POA3822,3822,Postcode 3822
POA3823,3823,Postcode 3823
POA3824,3824,Postcode 3824
POA3825,3825,Postcode 3825
POA3831,3831,Postcode 3831
POA3832,3832,Postcode 3832
POA3833,3833,Postcode 3833
POA3835,3835,Postcode 3835
POA3840,3840,Postcode 3840
POA3842,3842,Postcode 3842
POA3844,3844,Postcode 3844
POA3847,3847,Postcode 3847
POA3850,3850,Postcode 3850
POA3851,3851,Postcode 3851
POA3852,3852,Postcode 3852
POA3854,3854,Postcode 3854
POA3856,3856,Postcode 3856
POA3857,3857,Postcode 3857
POA3858,3858,Postcode 3858
POA3859,3859,Postcode 3859
POA3860,3860,Postcode 3860
POA3862,3862,Postcode 3862
POA3864,3864,Postcode 3864
POA3865,3865,Postcode 3865
POA3869,3869,Postcode 3869
POA3870,3870,Postcode 3870
POA3871,3871,Postcode 3871
POA3873,3873,Postcode 3873
POA3874,3874,Postcode 3874
POA3875,3875,Postcode 3875
POA3878,3878,Postcode 3878
POA3880,3880,Postcode 3880
POA3882,3882,Postcode 3882
POA3885,3885,Postcode 3885
POA3886,3886,Postcode 3886
POA3887,3887,Postcode 3887
POA3888,3888,Postcode 3888
POA3889,3889,Postcode 3889
POA3890,3890,Postcode 3890
POA3891,3891,Postcode 3891
POA3892,3892,Postcode 3892
POA3893,3893,Postcode 3893
POA3895,3895,Postcode 3895
POA3896,3896,Postcode 3896
POA3898,3898,Postcode 3898
POA3900,3900,Postcode 3900
POA3902,3902,Postcode 3902
POA3903,3903,Postcode 3903
POA3904,3904,Postcode 3904
POA3909,3909,Postcode 3909
POA3910,3910,Postcode 3910
POA3911,3911,Postcode 3911
POA3912,3912,Postcode 3912
POA3913,3913,Postcode 3913
POA3915,3915,Postcode 3915
POA3916,3916,Postcode 3916
POA3918,3918,Postcode 3918
POA3919,3919,Postcode 3919
POA3920,3920,Postcode 3920
POA3921,3921,Postcode 3921
POA3922,3922,Postcode 3922
POA3923,3923,Postcode 3923
POA3925,3925,Postcode 3925
POA3926,3926,Postcode 3926
POA3927,3927,Postcode 3927
POA3928,3928,Postcode 3928
POA3929,3929,Postcode 3929
POA3930,3930,Postcode 3930
POA3931,3931,Postcode 3931
POA3933,3933,Postcode 3933
POA3934,3934,Postcode 3934
POA3936,3936,Postcode 3936
POA3937,3937,Postcode 3937
POA3938,3938,Postcode 3938
POA3939,3939,Postcode 3939
POA3940,3940,Postcode 3940
POA3941,3941,Postcode 3941
POA3942,3942,Postcode 3942
POA3943,3943,Postcode 3943
POA3944,3944,Postcode 3944
POA3945,3945,Postcode 3945
POA3946,3946,Postcode 3946
POA3950,3950,Postcode 3950
POA3951,3951,Postcode 3951
POA3953,3953,Postcode 3953
POA3954,3954,Postcode 3954
POA3956,3956,Postcode 3956
POA3957,3957,Postcode 3957
POA3958,3958,Postcode 3958
POA3959,3959,Postcode 3959
POA3960,3960,Postcode 3960
POA3962,3962,Postcode 3962
POA3964,3964,Postcode 3964
POA3965,3965,Postcode 3965
POA3966,3966,Postcode 3966
POA3967,3967,Postcode 3967
POA3971,3971,Postcode 3971
POA3975,3975,Postcode 3975
POA3976,3976,Postcode 3976
POA3977,3977,Postcode 3977
POA3978,3978,Postcode 3978
POA3979,3979,Postcode 3979
POA3980,3980,Postcode 3980
POA3981,3981,Postcode 3981
POA3984,3984,Postcode 3984
POA3987,3987,Postcode 3987
POA3988,3988,Postcode 3988
POA3990,3990,Postcode 3990
POA3991,3991,Postcode 3991
POA3992,3992,Postcode 3992
POA3995,3995,Postcode 3995
POA3996,3996,Postcode 3996
