sal_code_2021,sal_name_2021
SAL20001,Abbeyard
SAL20002,Abbotsford (Vic.)
SAL20003,Aberfeldie
SAL20004,Aberfeldy
SAL20005,Acheron
SAL20006,Ada
SAL20007,Adams Estate
SAL20008,Addington
SAL20009,Adelaide Lead
SAL20010,Agnes
SAL20011,Aintree
SAL20012,Aire Valley
SAL20013,Aireys Inlet
SAL20014,Airly
SAL20015,Airport West
SAL20016,Albacutya
SAL20017,Albanvale
SAL20018,Albert Park (Vic.)
SAL20019,Alberton (Vic.)
SAL20020,Alberton West
SAL20021,Albion (Vic.)
SAL20022,Alexandra (Vic.)
SAL20023,Alfredton
SAL20024,Allambee
SAL20025,Allambee Reserve
SAL20026,Allambee South
SAL20027,Allans Flat
SAL20028,Allansford
SAL20029,Allendale
SAL20030,Allestree
SAL20031,Alma (Vic.)
SAL20032,Almonds
SAL20033,Almurta
SAL20034,Alphington
SAL20035,Altona (Vic.)
SAL20036,Altona Meadows
SAL20037,Altona North
SAL20038,Alvie
SAL20039,Amherst
SAL20040,Amor
SAL20041,Amphitheatre
SAL20042,Anakie
SAL20043,Ancona
SAL20044,Anderson
SAL20045,Anglers Rest
SAL20046,Anglesea
SAL20047,Annuello
SAL20048,Antwerp
SAL20049,Apollo Bay (Vic.)
SAL20050,Appin (Vic.)
SAL20051,Appin South
SAL20052,Apsley (Vic.)
SAL20053,Ararat
SAL20054,Arawata
SAL20055,Arbuckle
SAL20056,Arcadia (Vic.)
SAL20057,Arcadia South
SAL20058,Archdale
SAL20059,Archdale Junction
SAL20060,Archerton
SAL20061,Archies Creek
SAL20062,Ardeer
SAL20063,Ardmona
SAL20064,Areegra
SAL20065,Argyle (Vic.)
SAL20066,Armadale (Vic.)
SAL20067,Armstrong
SAL20068,Armstrong Creek (Vic.)
SAL20069,Arnold (Vic.)
SAL20070,Arnold West
SAL20071,Arthurs Creek
SAL20072,Arthurs Seat
SAL20073,Ascot (Ballarat - Vic.)
SAL20074,Ascot (Greater Bendigo - Vic.)
SAL20075,Ascot Vale
SAL20076,Ashbourne (Vic.)
SAL20077,Ashburton
SAL20078,Ashwood
SAL20079,Aspendale
SAL20080,Aspendale Gardens
SAL20081,Athlone
SAL20082,Attwood
SAL20083,Aubrey
SAL20084,Auchmore
SAL20085,Avalon
SAL20086,Avenel
SAL20087,Avoca (Vic.)
SAL20088,Avon Plains
SAL20089,Avondale Heights
SAL20090,Avonmore
SAL20091,Avonsleigh
SAL20092,Axe Creek
SAL20093,Axedale
SAL20094,Ayrford
SAL20095,Bacchus Marsh
SAL20096,Baddaginnie
SAL20097,Badger Creek
SAL20098,Bael Bael
SAL20099,Bagshot
SAL20100,Bagshot North
SAL20101,Bahgallah
SAL20102,Bailieston
SAL20103,Bairnsdale
SAL20104,Bakery Hill
SAL20105,Balaclava (Vic.)
SAL20106,Bald Hills (Vic.)
SAL20107,Balintore
SAL20108,Ballan
SAL20109,Ballangeich
SAL20110,Ballapur
SAL20111,Ballarat Central
SAL20112,Ballarat East
SAL20113,Ballarat North
SAL20114,Ballendella
SAL20115,Balliang
SAL20116,Balliang East
SAL20117,Ballyrogan
SAL20118,Balmattum
SAL20119,Balmoral (Vic.)
SAL20120,Balnarring
SAL20121,Balnarring Beach
SAL20122,Balook
SAL20123,Balwyn
SAL20124,Balwyn North
SAL20125,Bamawm
SAL20126,Bamawm Extension
SAL20127,Bambra
SAL20128,Bamganie
SAL20129,Bandiana
SAL20130,Bangerang
SAL20131,Bangholme
SAL20132,Bannerton
SAL20133,Bannockburn (Vic.)
SAL20134,Banyan
SAL20135,Banyena
SAL20136,Baranduda
SAL20137,Barfold
SAL20138,Baringhup
SAL20139,Baringhup West
SAL20140,Barjarg
SAL20141,Barkers Creek
SAL20142,Barkly (Vic.)
SAL20143,Barkstead
SAL20144,Barmah
SAL20145,Barnadown
SAL20146,Barnawartha
SAL20147,Barnawartha North
SAL20148,Baromi
SAL20149,Barongarook
SAL20150,Barongarook West
SAL20151,Barrabool
SAL20152,Barrakee
SAL20153,Barramunga
SAL20154,Barraport
SAL20155,Barraport West
SAL20156,Barrys Reef
SAL20157,Barunah Park
SAL20158,Barunah Plains
SAL20159,Barwidgee
SAL20160,Barwite
SAL20161,Barwon Downs
SAL20162,Barwon Heads
SAL20163,Basalt (Vic.)
SAL20164,Bass
SAL20165,Batesford
SAL20166,Bathumi
SAL20167,Baw Baw (Vic.)
SAL20168,Baw Baw Village
SAL20169,Baxter
SAL20170,Bayindeen
SAL20171,Bayles
SAL20172,Baynton (Vic.)
SAL20173,Bayswater (Vic.)
SAL20174,Bayswater North
SAL20175,Beaconsfield (Vic.)
SAL20176,Beaconsfield Upper
SAL20177,Bealiba
SAL20178,Bearii
SAL20179,Bears Lagoon
SAL20180,Beauchamp
SAL20181,Beaufort (Vic.)
SAL20182,Beaumaris (Vic.)
SAL20183,Beazleys Bridge
SAL20184,Beeac
SAL20185,Beech Forest
SAL20186,Beechworth
SAL20187,Beenak
SAL20188,Belgrave
SAL20189,Belgrave Heights
SAL20190,Belgrave South
SAL20191,Bell Park
SAL20192,Bell Post Hill
SAL20193,Bellarine
SAL20194,Bellbird Creek
SAL20195,Bellbrae
SAL20196,Bellbridge
SAL20197,Bellellen
SAL20198,Bellfield (Banyule - Vic.)
SAL20199,Bellfield (Northern Grampians - Vic.)
SAL20200,Bells Beach
SAL20201,Belmont (Vic.)
SAL20202,Bemm River
SAL20203,Bena
SAL20204,Benalla
SAL20205,Benambra
SAL20206,Benayeo
SAL20207,Bend Of Islands
SAL20208,Bendigo
SAL20209,Bendoc
SAL20210,Bengworden
SAL20211,Benjeroop
SAL20212,Benloch
SAL20213,Bennison
SAL20214,Bentleigh
SAL20215,Bentleigh East
SAL20216,Benwerrin
SAL20217,Beremboke
SAL20218,Berrimal
SAL20219,Berringa
SAL20220,Berringama
SAL20221,Berriwillock
SAL20222,Berrybank
SAL20223,Berrys Creek
SAL20224,Berwick
SAL20225,Bessiebelle
SAL20226,Bet Bet
SAL20227,Bete Bolong
SAL20228,Bete Bolong North
SAL20229,Bethanga
SAL20230,Betley
SAL20231,Beulah (Vic.)
SAL20232,Beverford
SAL20233,Beveridge
SAL20234,Big Desert
SAL20235,Big Hill (Greater Bendigo - Vic.)
SAL20236,Big Hill (Surf Coast - Vic.)
SAL20237,Big Pats Creek
SAL20238,Biggara
SAL20239,Billabong
SAL20240,Bimbourie
SAL20241,Bindi
SAL20242,Binginwarri
SAL20243,Bingo Munjie
SAL20244,Birchip
SAL20245,Birchip West
SAL20246,Birdwoodton
SAL20247,Birregurra
SAL20248,Bittern
SAL20249,Black Hill (Vic.)
SAL20250,Black Range (Vic.)
SAL20251,Black Rock (Vic.)
SAL20252,Blackburn
SAL20253,Blackburn North
SAL20254,Blackburn South
SAL20255,Blackwarry
SAL20256,Blackwood (Vic.)
SAL20257,Blairgowrie
SAL20258,Blakeville
SAL20259,Blampied
SAL20260,Blind Bight
SAL20261,Blowhard
SAL20262,Bo Peep
SAL20263,Bobinawarrah
SAL20264,Bochara
SAL20265,Bogong
SAL20266,Boho
SAL20267,Boho South
SAL20268,Boigbeat
SAL20269,Boinka
SAL20270,Boisdale
SAL20271,Bolangum
SAL20272,Bolinda
SAL20273,Bolton
SAL20274,Bolwarra (Vic.)
SAL20275,Bolwarrah
SAL20276,Bona Vista
SAL20277,Bonang
SAL20278,Bonbeach
SAL20279,Bonegilla
SAL20280,Boneo
SAL20281,Bonn
SAL20282,Bonnie Brook
SAL20283,Bonnie Doon (Vic.)
SAL20284,Bonshaw (Vic.)
SAL20285,Bookaar
SAL20286,Boola
SAL20287,Boolarong
SAL20288,Boolarra
SAL20289,Boolarra South
SAL20290,Boole Poole
SAL20291,Boolite
SAL20292,Boomahnoomoonah
SAL20293,Boonah (Vic.)
SAL20294,Boorcan
SAL20295,Boorhaman
SAL20296,Boorhaman East
SAL20297,Boorhaman North
SAL20298,Boorolite
SAL20299,Boorool
SAL20300,Boort
SAL20301,Boosey
SAL20302,Boralma
SAL20303,Bornes Hill
SAL20304,Boronia
SAL20305,Borung
SAL20306,Bostocks Creek
SAL20307,Botanic Ridge
SAL20308,Boundary Bend
SAL20309,Bowenvale
SAL20310,Boweya
SAL20311,Boweya North
SAL20312,Bowmans Forest
SAL20313,Bowser
SAL20314,Box Hill (Vic.)
SAL20315,Box Hill North
SAL20316,Box Hill South
SAL20317,Boxwood
SAL20318,Bradford
SAL20319,Bradvale
SAL20320,Braeside
SAL20321,Brandy Creek (Vic.)
SAL20322,Branxholme
SAL20323,Bravington
SAL20324,Braybrook
SAL20325,Breakaway Creek
SAL20326,Breakwater
SAL20327,Breamlea
SAL20328,Brenanah
SAL20329,Brewster
SAL20330,Briagolong
SAL20331,Briar Hill
SAL20332,Bridge Creek
SAL20333,Bridgewater (Vic.)
SAL20334,Bridgewater North
SAL20335,Bridgewater On Loddon
SAL20336,Bright (Vic.)
SAL20337,Brighton (Vic.)
SAL20338,Brighton East
SAL20339,Brim
SAL20340,Brimboal
SAL20341,Brimin
SAL20342,Brimpaen
SAL20343,Bringalbert
SAL20344,Brit Brit
SAL20345,Broadford
SAL20346,Broadmeadows (Vic.)
SAL20347,Broadwater (Vic.)
SAL20348,Brodribb River
SAL20349,Broken Creek
SAL20350,Bromley
SAL20351,Brookfield (Vic.)
SAL20352,Brooklyn (Vic.)
SAL20353,Brookville
SAL20354,Broomfield
SAL20355,Broughton (Vic.)
SAL20356,Brown Hill (Vic.)
SAL20357,Browns Plains (Vic.)
SAL20358,Bruarong
SAL20359,Brucknell
SAL20360,Brumby
SAL20361,Brunswick (Vic.)
SAL20362,Brunswick East
SAL20363,Brunswick West
SAL20364,Bruthen
SAL20365,Buangor
SAL20366,Buchan
SAL20367,Buchan South
SAL20368,Buckland (Vic.)
SAL20369,Buckley
SAL20370,Buckley Swamp
SAL20371,Buckrabanyule
SAL20372,Budgee Budgee (Vic.)
SAL20373,Budgeree
SAL20374,Budgerum East
SAL20375,Buffalo
SAL20376,Buffalo River
SAL20377,Bulart
SAL20378,Buldah
SAL20379,Bulga (Vic.)
SAL20380,Bulgana
SAL20381,Bulla (Vic.)
SAL20382,Bullaharre
SAL20383,Bullarook
SAL20384,Bullarto
SAL20385,Bullarto South
SAL20386,Bulleen
SAL20387,Bullengarook
SAL20388,Bullioh
SAL20389,Bullumwaal
SAL20390,Buln Buln
SAL20391,Buln Buln East
SAL20392,Bumberrah
SAL20393,Bunbartha
SAL20394,Bundalaguah
SAL20395,Bundalong
SAL20396,Bundalong South
SAL20397,Bundara
SAL20398,Bunding
SAL20399,Bundoora (Vic.)
SAL20400,Bung Bong
SAL20401,Bungador
SAL20402,Bungal
SAL20403,Bungalally
SAL20404,Bungaree (Vic.)
SAL20405,Bungeet
SAL20406,Bungeet West
SAL20407,Bungil (Vic.)
SAL20408,Bunguluke
SAL20409,Buninyong
SAL20410,Bunkers Hill
SAL20411,Bunyip
SAL20412,Bunyip North
SAL20413,Buragwonduc
SAL20414,Burkes Bridge
SAL20415,Burkes Flat
SAL20416,Burnbank
SAL20417,Burnewang
SAL20418,Burnley
SAL20419,Burnside (Vic.)
SAL20420,Burnside Heights
SAL20421,Burramboot
SAL20422,Burramine
SAL20423,Burramine South
SAL20424,Burrowye
SAL20425,Burrumbeet
SAL20426,Burwood (Vic.)
SAL20427,Burwood East
SAL20428,Bushfield
SAL20429,Bushy Park (Vic.)
SAL20430,Butchers Ridge
SAL20431,Buxton (Vic.)
SAL20432,Byaduk
SAL20433,Byaduk North
SAL20434,Byawatha
SAL20435,Bylands
SAL20436,Byrneside
SAL20437,Cabarita (Vic.)
SAL20438,Cabbage Tree
SAL20439,Cabbage Tree Creek
SAL20440,Cadello
SAL20441,Cairnlea
SAL20442,Calder Park
SAL20443,Caldermeade
SAL20444,California Gully
SAL20445,Calivil
SAL20446,Callawadda
SAL20447,Callignee
SAL20448,Callignee North
SAL20449,Callignee South
SAL20450,Calrossie
SAL20451,Calulu
SAL20452,Cambarville
SAL20453,Camberwell (Vic.)
SAL20454,Cambrian Hill
SAL20455,Campbellfield
SAL20456,Campbells Bridge
SAL20457,Campbells Creek
SAL20458,Campbells Forest
SAL20459,Campbelltown (Vic.)
SAL20460,Camperdown (Vic.)
SAL20461,Canadian
SAL20462,Canary Island
SAL20463,Caniambo
SAL20464,Cann River
SAL20465,Cannie
SAL20466,Cannons Creek
SAL20467,Cannum
SAL20468,Canterbury (Vic.)
SAL20469,Cape Bridgewater
SAL20470,Cape Clear
SAL20471,Cape Conran
SAL20472,Cape Otway
SAL20473,Cape Paterson
SAL20474,Cape Schanck
SAL20475,Cape Woolamai
SAL20476,Capel Sound
SAL20477,Capels Crossing
SAL20478,Carag Carag
SAL20479,Caralulup
SAL20480,Caramut
SAL20481,Carapooee
SAL20482,Carapooee West
SAL20483,Carapook
SAL20484,Carboor
SAL20485,Cardigan
SAL20486,Cardigan Village
SAL20487,Cardinia
SAL20488,Cardross
SAL20489,Cargerie
SAL20490,Carina (Vic.)
SAL20491,Caringal
SAL20492,Carisbrook
SAL20493,Carlisle River
SAL20494,Carlsruhe
SAL20495,Carlton (Vic.)
SAL20496,Carlton North
SAL20497,Carlyle
SAL20498,Carnegie
SAL20499,Carngham
SAL20500,Caroline Springs
SAL20501,Carpendeit
SAL20502,Carrajung
SAL20503,Carrajung Lower
SAL20504,Carrajung South
SAL20505,Carranballac
SAL20506,Carron
SAL20507,Carrum
SAL20508,Carrum Downs
SAL20509,Carwarp
SAL20510,Cashmore
SAL20511,Cassilis (Vic.)
SAL20512,Castella
SAL20513,Casterton
SAL20514,Castle Creek (Vic.)
SAL20515,Castle Donnington
SAL20516,Castlemaine
SAL20517,Catani
SAL20518,Cathcart (Vic.)
SAL20519,Cathkin
SAL20520,Catumnal
SAL20521,Caulfield
SAL20522,Caulfield East
SAL20523,Caulfield North
SAL20524,Caulfield South
SAL20525,Caveat
SAL20526,Cavendish
SAL20527,Ceres
SAL20528,Chadstone
SAL20529,Chandlers Creek
SAL20530,Chapel Flat
SAL20531,Chapple Vale
SAL20532,Charam
SAL20533,Charlemont
SAL20534,Charleroi
SAL20535,Charlton (Vic.)
SAL20536,Chatsworth (Vic.)
SAL20537,Chelsea
SAL20538,Chelsea Heights
SAL20539,Cheltenham (Vic.)
SAL20540,Chepstowe
SAL20541,Cherokee
SAL20542,Cherrypool
SAL20543,Cheshunt
SAL20544,Cheshunt South
SAL20545,Chesney Vale
SAL20546,Chetwynd
SAL20547,Chewton
SAL20548,Chewton Bushlands
SAL20549,Childers (Vic.)
SAL20550,Chillingollah
SAL20551,Chiltern
SAL20552,Chiltern Valley
SAL20553,Chinangin
SAL20554,Chinkapook
SAL20555,Chintin
SAL20556,Chirnside Park
SAL20557,Chirrip
SAL20558,Chocolyn
SAL20559,Christmas Hills (Vic.)
SAL20560,Chum Creek
SAL20561,Churchill (Vic.)
SAL20562,Churchill Island
SAL20563,Chute
SAL20564,Clarendon (Vic.)
SAL20565,Claretown
SAL20566,Clarinda
SAL20567,Clarkefield
SAL20568,Clarkes Hill
SAL20569,Clayton
SAL20570,Clayton South
SAL20571,Clear Lake
SAL20572,Clematis
SAL20573,Clifton Creek
SAL20574,Clifton Hill
SAL20575,Clifton Springs
SAL20576,Clonbinane
SAL20577,Clover Flat
SAL20578,Cloverlea
SAL20579,Club Terrace
SAL20580,Clunes (Vic.)
SAL20581,Clyde (Vic.)
SAL20582,Clyde North
SAL20583,Clydebank
SAL20584,Clydesdale (Vic.)
SAL20585,Coalville
SAL20586,Cobains
SAL20587,Cobaw
SAL20588,Cobbannah
SAL20589,Cobberas
SAL20590,Cobblebank
SAL20591,Cobden
SAL20592,Cobram
SAL20593,Cobram East
SAL20594,Cobrico
SAL20595,Cobungra
SAL20596,Coburg
SAL20597,Coburg North
SAL20598,Cocamba
SAL20599,Cochranes Creek
SAL20600,Cockatoo (Vic.)
SAL20601,Cocoroc
SAL20602,Codrington (Vic.)
SAL20603,Coghills Creek
SAL20604,Cohuna
SAL20605,Coimadai
SAL20606,Cokum
SAL20607,Colac
SAL20608,Colac Colac
SAL20609,Colac East
SAL20610,Colac West
SAL20611,Colbinabbin
SAL20612,Colbrook
SAL20613,Coldstream (Vic.)
SAL20614,Coleraine
SAL20615,Colignan
SAL20616,Collingwood (Vic.)
SAL20617,Combienbar
SAL20618,Concongella
SAL20619,Condah
SAL20620,Congupna
SAL20621,Connewarre
SAL20622,Connewirricoo
SAL20623,Coojar
SAL20624,Coolaroo
SAL20625,Cooma (Vic.)
SAL20626,Coomboona
SAL20627,Coomoora
SAL20628,Coongulla
SAL20629,Coonooer Bridge
SAL20630,Coonooer West
SAL20631,Cooriemungle
SAL20632,Cope Cope
SAL20633,Cora Lynn
SAL20634,Corack
SAL20635,Corack East
SAL20636,Coragulac
SAL20637,Coral Bank
SAL20638,Corindhap
SAL20639,Corinella (Vic.)
SAL20640,Corio
SAL20641,Corndale (Vic.)
SAL20642,Cornella
SAL20643,Cornishtown
SAL20644,Coronet Bay
SAL20645,Corop
SAL20646,Cororooke
SAL20647,Corringle
SAL20648,Corryong
SAL20649,Corunnun
SAL20650,Cosgrove (Vic.)
SAL20651,Cosgrove South
SAL20652,Costerfield
SAL20653,Cotswold
SAL20654,Cottles Bridge
SAL20655,Cowa
SAL20656,Cowangie
SAL20657,Cowes
SAL20658,Cowleys Creek
SAL20659,Cowwarr
SAL20660,Craigie (Vic.)
SAL20661,Craigieburn
SAL20662,Cranbourne
SAL20663,Cranbourne East
SAL20664,Cranbourne North
SAL20665,Cranbourne South
SAL20666,Cranbourne West
SAL20667,Creek Junction
SAL20668,Creek View
SAL20669,Creightons Creek
SAL20670,Cremorne (Vic.)
SAL20671,Cressy (Vic.)
SAL20672,Creswick
SAL20673,Creswick North
SAL20674,Crib Point
SAL20675,Crookayan
SAL20676,Crooked River
SAL20677,Cross Roads (Vic.)
SAL20678,Crossley
SAL20679,Crossover
SAL20680,Crowlands
SAL20681,Croxton East
SAL20682,Croydon (Vic.)
SAL20683,Croydon Hills
SAL20684,Croydon North
SAL20685,Croydon South
SAL20686,Crymelon
SAL20687,Cudgee
SAL20688,Cudgewa
SAL20689,Culgoa
SAL20690,Culla
SAL20691,Cullen
SAL20692,Cullulleraine
SAL20693,Cundare
SAL20694,Cundare North
SAL20695,Curdies River
SAL20696,Curdievale
SAL20697,Curlewis (Vic.)
SAL20698,Curyo
SAL20699,Dadswells Bridge
SAL20700,Daisy Hill (Vic.)
SAL20701,Dales Creek
SAL20702,Dallas
SAL20703,Dalmore
SAL20704,Daltons Bridge
SAL20705,Dalyenong
SAL20706,Dalyston
SAL20707,Dandenong
SAL20708,Dandenong North
SAL20709,Dandenong South
SAL20710,Dandongadale
SAL20711,Dargo
SAL20712,Darley
SAL20713,Darlimurla
SAL20714,Darlington (Vic.)
SAL20715,Darnum
SAL20716,Darraweit Guim
SAL20717,Darriman
SAL20718,Dartmoor (Vic.)
SAL20719,Dartmouth
SAL20720,Dawson (Vic.)
SAL20721,Daylesford
SAL20722,Dean
SAL20723,Deans Marsh
SAL20724,Deanside
SAL20725,Deddick Valley
SAL20726,Dederang
SAL20727,Deep Lead
SAL20728,Deepdene (Vic.)
SAL20729,Deer Park
SAL20730,Delacombe
SAL20731,Delahey
SAL20732,Delatite
SAL20733,Delburn
SAL20734,Delegate River
SAL20735,Denicull Creek
SAL20736,Denison
SAL20737,Dennington
SAL20738,Denver
SAL20739,Deptford
SAL20740,Derby (Vic.)
SAL20741,Dereel
SAL20742,Dergholm
SAL20743,Derrimut
SAL20744,Derrinal
SAL20745,Derrinallum
SAL20746,Devenish
SAL20747,Devils River
SAL20748,Devon Meadows
SAL20749,Devon North
SAL20750,Dewhurst
SAL20751,Dhurringile
SAL20752,Diamond Creek
SAL20753,Digby
SAL20754,Diggers Rest
SAL20755,Diggora
SAL20756,Dimboola
SAL20757,Dingee
SAL20758,Dingley Village
SAL20759,Dingwall
SAL20760,Dinner Plain
SAL20761,Dixie (Vic.)
SAL20762,Dixons Creek
SAL20763,Dobie
SAL20764,Docker
SAL20765,Dockers Plains
SAL20766,Docklands
SAL20767,Doctors Flat
SAL20768,Dollar
SAL20769,Don Valley
SAL20770,Donald
SAL20771,Doncaster
SAL20772,Doncaster East
SAL20773,Donnybrook (Vic.)
SAL20774,Donvale
SAL20775,Dooboobetic
SAL20776,Dooen
SAL20777,Dookie
SAL20778,Dookie College
SAL20779,Doreen
SAL20780,Dorodong
SAL20781,Double Bridges
SAL20782,Douglas (Vic.)
SAL20783,Doveton
SAL20784,Dreeite
SAL20785,Dreeite South
SAL20786,Driffield
SAL20787,Drik Drik
SAL20788,Dromana
SAL20789,Dropmore
SAL20790,Drouin
SAL20791,Drouin East
SAL20792,Drouin South
SAL20793,Drouin West
SAL20794,Drumanure
SAL20795,Drumborg
SAL20796,Drumcondra
SAL20797,Drummartin
SAL20798,Drummond
SAL20799,Drummond North
SAL20800,Drung
SAL20801,Dry Diggings
SAL20802,Drysdale
SAL20803,Duchembegarra
SAL20804,Dumbalk
SAL20805,Dumbalk North
SAL20806,Dumosa
SAL20807,Dunach
SAL20808,Dundonnell
SAL20809,Dunkeld (Vic.)
SAL20810,Dunluce
SAL20811,Dunneworthy
SAL20812,Dunnstown
SAL20813,Dunolly (Vic.)
SAL20814,Dunrobin
SAL20815,Durdidwarrah
SAL20816,Durham Lead
SAL20817,Durham Ox
SAL20818,Dutson
SAL20819,Dutson Downs
SAL20820,Dutton Way
SAL20821,Duverney
SAL20822,Eagle Point
SAL20823,Eaglehawk
SAL20824,Eaglehawk North
SAL20825,Eaglemont
SAL20826,Earlston
SAL20827,East Bairnsdale
SAL20828,East Bendigo
SAL20829,East Geelong
SAL20830,East Melbourne
SAL20831,East Sale
SAL20832,East Wangaratta
SAL20833,East Warburton
SAL20834,Eastern View
SAL20835,Eastville
SAL20836,Eastwood (Vic.)
SAL20837,Ebden
SAL20838,Echuca
SAL20839,Echuca Village
SAL20840,Echuca West
SAL20841,Ecklin South
SAL20842,Eddington
SAL20843,Eden Park
SAL20844,Edenhope
SAL20845,Edgecombe
SAL20846,Edi
SAL20847,Edi Upper
SAL20848,Edithvale
SAL20849,Eganstown
SAL20850,Eildon
SAL20851,Elaine
SAL20852,Eldorado
SAL20853,Elevated Plains
SAL20854,Elingamite
SAL20855,Elingamite North
SAL20856,Elizabeth Island
SAL20857,Ellaswood
SAL20858,Ellerslie (Vic.)
SAL20859,Elliminyt
SAL20860,Ellinbank
SAL20861,Elmhurst
SAL20862,Elmore
SAL20863,Elphinstone (Vic.)
SAL20864,Elsternwick
SAL20865,Eltham (Vic.)
SAL20866,Eltham North
SAL20867,Elwood
SAL20868,Emerald (Vic.)
SAL20869,Emu
SAL20870,Emu Creek (Vic.)
SAL20871,Endeavour Hills
SAL20872,Enfield (Vic.)
SAL20873,Englefield
SAL20874,Enochs Point
SAL20875,Ensay
SAL20876,Ensay North
SAL20877,Eppalock
SAL20878,Epping (Vic.)
SAL20879,Epsom (Vic.)
SAL20880,Ercildoune
SAL20881,Erica
SAL20882,Errinundra
SAL20883,Eskdale (Vic.)
SAL20884,Esmond
SAL20885,Essendon
SAL20886,Essendon Fields
SAL20887,Essendon North
SAL20888,Essendon West
SAL20889,Eumemmerring
SAL20890,Eurack
SAL20891,Eureka (Vic.)
SAL20892,Euroa
SAL20893,Eurobin
SAL20894,Evansford
SAL20895,Eversley
SAL20896,Everton
SAL20897,Everton Upper
SAL20898,Exford
SAL20899,Eynesbury
SAL20900,Fairbank
SAL20901,Fairfield (Vic.)
SAL20902,Fairhaven
SAL20903,Fairley
SAL20904,Fairy Dell (Campaspe - Vic.)
SAL20905,Fairy Dell (East Gippsland - Vic.)
SAL20906,Falls Creek (Vic.)
SAL20907,Faraday
SAL20908,Fawcett
SAL20909,Fawkner
SAL20910,Fentons Creek
SAL20911,Ferguson (Vic.)
SAL20912,Fern Hill
SAL20913,Fernbank
SAL20914,Ferndale (Vic.)
SAL20915,Fernihurst
SAL20916,Fernshaw
SAL20917,Ferntree Gully
SAL20918,Ferny Creek
SAL20919,Fiery Flat
SAL20920,Fingal (Vic.)
SAL20921,Fish Creek
SAL20922,Fish Point
SAL20923,Fiskville
SAL20924,Fitzroy (Vic.)
SAL20925,Fitzroy North
SAL20926,Flaggy Creek
SAL20927,Flagstaff
SAL20928,Flamingo Beach
SAL20929,Flemington
SAL20930,Flinders (Vic.)
SAL20931,Flora Hill
SAL20932,Flowerdale (Vic.)
SAL20933,Flynn (Vic.)
SAL20934,Flynns Creek
SAL20935,Footscray
SAL20936,Forbes (Vic.)
SAL20937,Forest Hill (Vic.)
SAL20938,Forge Creek
SAL20939,Forrest (Vic.)
SAL20940,Foster
SAL20941,Foster North
SAL20942,Fosterville
SAL20943,Foxhow
SAL20944,Framlingham
SAL20945,Framlingham East
SAL20946,Franklinford
SAL20947,Frankston
SAL20948,Frankston North
SAL20949,Frankston South
SAL20950,Fraser Rise
SAL20951,Freeburgh
SAL20952,French Island
SAL20953,Frenchmans
SAL20954,Freshwater Creek
SAL20955,Fryerstown
SAL20956,Fulham (Vic.)
SAL20957,Fumina
SAL20958,Fumina South
SAL20959,Fyans Creek
SAL20960,Fyansford
SAL20961,Gaffneys Creek
SAL20962,Gainsborough
SAL20963,Gannawarra
SAL20964,Gapsted
SAL20965,Gardenvale
SAL20966,Garfield
SAL20967,Garfield North
SAL20968,Garibaldi
SAL20969,Garvoc
SAL20970,Gateway Island
SAL20971,Gatum
SAL20972,Gazette
SAL20973,Geelong
SAL20974,Geelong West
SAL20975,Gelantipy
SAL20976,Gellibrand
SAL20977,Gellibrand Lower
SAL20978,Gelliondale
SAL20979,Gembrook
SAL20980,Genoa
SAL20981,Gentle Annie
SAL20982,Georges Creek (Vic.)
SAL20983,Gerahmin
SAL20984,Gerang Gerung
SAL20985,Gerangamete
SAL20986,Germania
SAL20987,Germantown (Vic.)
SAL20988,Gerrigerrup
SAL20989,Gherang
SAL20990,Gheringhap
SAL20991,Ghin Ghin
SAL20992,Giffard
SAL20993,Giffard West
SAL20994,Gil Gil
SAL20995,Gilderoy
SAL20996,Gillieston
SAL20997,Gillum
SAL20998,Gipsy Point
SAL20999,Girgarre
SAL21000,Girgarre East
SAL21001,Gisborne
SAL21002,Gisborne South
SAL21003,Gladfield (Vic.)
SAL21004,Gladstone Park
SAL21005,Gladysdale
SAL21006,Glen Alvie
SAL21007,Glen Creek
SAL21008,Glen Forbes
SAL21009,Glen Huntly
SAL21010,Glen Iris (Vic.)
SAL21011,Glen Park
SAL21012,Glen Valley
SAL21013,Glen Waverley
SAL21014,Glen Wills
SAL21015,Glenaire
SAL21016,Glenaladale
SAL21017,Glenalbyn
SAL21018,Glenaroua
SAL21019,Glenbrae
SAL21020,Glenburn
SAL21021,Glendaruel
SAL21022,Glendonald
SAL21023,Glenfalloch
SAL21024,Glenfyne
SAL21025,Glengarry (Vic.)
SAL21026,Glengarry North
SAL21027,Glengarry West
SAL21028,Glengower
SAL21029,Glenhope
SAL21030,Glenhope East
SAL21031,Glenisla
SAL21032,Glenlee (Vic.)
SAL21033,Glenlofty
SAL21034,Glenlogie
SAL21035,Glenloth
SAL21036,Glenloth East
SAL21037,Glenluce
SAL21038,Glenlyon (Vic.)
SAL21039,Glenmaggie
SAL21040,Glenmore (Vic.)
SAL21041,Glenorchy (Vic.)
SAL21042,Glenormiston North
SAL21043,Glenormiston South
SAL21044,Glenpatrick
SAL21045,Glenrowan
SAL21046,Glenrowan West
SAL21047,Glenroy (Vic.)
SAL21048,Glenthompson
SAL21049,Glomar Beach
SAL21050,Gnarwarre
SAL21051,Gnotuk
SAL21052,Gobarup
SAL21053,Gobur
SAL21054,Golden Beach (Vic.)
SAL21055,Golden Gully
SAL21056,Golden Point (Ballarat - Vic.)
SAL21057,Golden Point (Mount Alexander - Vic.)
SAL21058,Golden Square
SAL21059,Goldie
SAL21060,Goldsborough (Vic.)
SAL21061,Gong Gong
SAL21062,Gonn Crossing
SAL21063,Goomalibee
SAL21064,Goon Nure
SAL21065,Goongerah
SAL21066,Gooram
SAL21067,Gooramadda
SAL21068,Goorambat
SAL21069,Goornong
SAL21070,Gooroc
SAL21071,Gorae
SAL21072,Gorae West
SAL21073,Gordon (Vic.)
SAL21074,Gormandale
SAL21075,Goroke
SAL21076,Goschen
SAL21077,Goughs Bay
SAL21078,Goulburn Weir
SAL21079,Gowanbrae
SAL21080,Gowanford
SAL21081,Gowangardie
SAL21082,Gowar East
SAL21083,Gower
SAL21084,Grahamvale
SAL21085,Grampians
SAL21086,Grand Ridge
SAL21087,Grangefields
SAL21088,Granite Rock
SAL21089,Grantville
SAL21090,Granya
SAL21091,Grassdale (Vic.)
SAL21092,Grassmere
SAL21093,Grays Bridge
SAL21094,Graytown
SAL21095,Gre Gre
SAL21096,Gre Gre North
SAL21097,Gre Gre South
SAL21098,Great Western
SAL21099,Gredgwin
SAL21100,Green Gully (Vic.)
SAL21101,Greendale (Vic.)
SAL21102,Greenhill (Vic.)
SAL21103,Greens Creek (Vic.)
SAL21104,Greensborough
SAL21105,Greenvale (Vic.)
SAL21106,Greenwald
SAL21107,Grenville
SAL21108,Greta (Vic.)
SAL21109,Greta South
SAL21110,Greta West
SAL21111,Grey River
SAL21112,Gringegalgona
SAL21113,Gritjurk
SAL21114,Grovedale
SAL21115,Gruyere
SAL21116,Guildford (Vic.)
SAL21117,Gunbower
SAL21118,Gundowring
SAL21119,Gunyah
SAL21120,Guys Forest
SAL21121,Guys Hill
SAL21122,Gymbowen
SAL21123,Haddon
SAL21124,Hadfield
SAL21125,Hallam
SAL21126,Hallora
SAL21127,Halls Gap
SAL21128,Hallston
SAL21129,Hamilton (Vic.)
SAL21130,Hamlyn Heights
SAL21131,Hampton (Vic.)
SAL21132,Hampton East
SAL21133,Hampton Park
SAL21134,Hansonville
SAL21135,Happy Valley (Golden Plains - Vic.)
SAL21136,Happy Valley (Swan Hill - Vic.)
SAL21137,Harcourt
SAL21138,Harcourt North
SAL21139,Harkaway
SAL21140,Harkness
SAL21141,Harmers Haven
SAL21142,Harrietville
SAL21143,Harrow
SAL21144,Harston
SAL21145,Hastings (Vic.)
SAL21146,Hattah
SAL21147,Havelock
SAL21148,Haven
SAL21149,Havilah (Vic.)
SAL21150,Hawkesdale
SAL21151,Hawkhurst
SAL21152,Hawthorn (Vic.)
SAL21153,Hawthorn East
SAL21154,Hazel Park
SAL21155,Hazelwood
SAL21156,Hazelwood North
SAL21157,Hazelwood South
SAL21158,Healesville
SAL21159,Heath Hill
SAL21160,Heathcote (Vic.)
SAL21161,Heathcote Junction
SAL21162,Heathcote South
SAL21163,Heatherton
SAL21164,Heathmere
SAL21165,Heathmont
SAL21166,Hedley
SAL21167,Heidelberg
SAL21168,Heidelberg Heights
SAL21169,Heidelberg West
SAL21170,Hensley Park
SAL21171,Henty (Vic.)
SAL21172,Hepburn
SAL21173,Hepburn Springs
SAL21174,Herne Hill (Vic.)
SAL21175,Hernes Oak
SAL21176,Hesket
SAL21177,Hesse
SAL21178,Hexham (Vic.)
SAL21179,Heyfield
SAL21180,Heytesbury Lower
SAL21181,Heywood
SAL21182,Hiamdale
SAL21183,Hiawatha
SAL21184,High Camp
SAL21185,Highett
SAL21186,Highlands
SAL21187,Highton
SAL21188,Hilgay
SAL21189,Hill End (Vic.)
SAL21190,Hillcrest (Vic.)
SAL21191,Hilldene
SAL21192,Hillside (East Gippsland - Vic.)
SAL21193,Hillside (Melton - Vic.)
SAL21194,Hinnomunjie
SAL21195,Hmas Cerberus
SAL21196,Hoddles Creek
SAL21197,Hollands Landing
SAL21198,Homebush (Vic.)
SAL21199,Homerton
SAL21200,Homewood
SAL21201,Hopetoun (Vic.)
SAL21202,Hopetoun Park
SAL21203,Hoppers Crossing
SAL21204,Hordern Vale
SAL21205,Horfield
SAL21206,Horsham
SAL21207,Hotham Heights
SAL21208,Hotspur
SAL21209,Howes Creek
SAL21210,Howitt Plains
SAL21211,Howqua
SAL21212,Howqua Hills
SAL21213,Howqua Inlet
SAL21214,Hughesdale
SAL21215,Humevale
SAL21216,Hunter
SAL21217,Hunterston
SAL21218,Huntingdale (Vic.)
SAL21219,Huntly
SAL21220,Huntly North
SAL21221,Huon
SAL21222,Huon Creek
SAL21223,Hurstbridge
SAL21224,Icy Creek
SAL21225,Iguana Creek
SAL21226,Illabarook
SAL21227,Illawarra
SAL21228,Illowa
SAL21229,Indented Head
SAL21230,Indigo Valley
SAL21231,Inglewood (Vic.)
SAL21232,Ingliston
SAL21233,Invergordon (Vic.)
SAL21234,Inverleigh
SAL21235,Inverloch
SAL21236,Invermay (Vic.)
SAL21237,Invermay Park
SAL21238,Iona
SAL21239,Iraak
SAL21240,Irishtown (Vic.)
SAL21241,Ironbark (Vic.)
SAL21242,Irrewarra
SAL21243,Irrewillipe
SAL21244,Irrewillipe East
SAL21245,Irymple (Vic.)
SAL21246,Ivanhoe (Vic.)
SAL21247,Ivanhoe East
SAL21248,Jacana
SAL21249,Jack River
SAL21250,Jackass Flat
SAL21251,Jacob Creek
SAL21252,Jam Jerrup
SAL21253,Jamieson (Vic.)
SAL21254,Jan Juc
SAL21255,Jancourt
SAL21256,Jancourt East
SAL21257,Jarklin
SAL21258,Jarrahmond
SAL21259,Jarvis Creek
SAL21260,Jeeralang
SAL21261,Jeeralang Junction
SAL21262,Jeetho
SAL21263,Jeffcott
SAL21264,Jeffcott North
SAL21265,Jeparit
SAL21266,Jericho (Vic.)
SAL21267,Jeruk
SAL21268,Jil Jil
SAL21269,Jindivick
SAL21270,Joel Joel
SAL21271,Joel South
SAL21272,Johanna
SAL21273,Johnsonville
SAL21274,Joyces Creek
SAL21275,Jumbuk
SAL21276,Jumbunna
SAL21277,Junction Village
SAL21278,Jungaburra
SAL21279,Junortoun
SAL21280,Kaarimba
SAL21281,Kadnook
SAL21282,Kalimna
SAL21283,Kalimna West
SAL21284,Kalkallo
SAL21285,Kalkee
SAL21286,Kallista
SAL21287,Kalorama
SAL21288,Kalpienung
SAL21289,Kamarooka
SAL21290,Kamarooka North
SAL21291,Kanagulk
SAL21292,Kancoona
SAL21293,Kangaroo Flat (Vic.)
SAL21294,Kangaroo Ground
SAL21295,Kaniva
SAL21296,Kanumbra
SAL21297,Kanya
SAL21298,Kanyapella
SAL21299,Karabeal
SAL21300,Kardella
SAL21301,Kardella South
SAL21302,Kariah
SAL21303,Karnak
SAL21304,Karramomus
SAL21305,Karyrie
SAL21306,Katamatite
SAL21307,Katamatite East
SAL21308,Katandra
SAL21309,Katandra West
SAL21310,Katunga
SAL21311,Kawarren
SAL21312,Kealba
SAL21313,Keely
SAL21314,Keilor
SAL21315,Keilor Downs
SAL21316,Keilor East
SAL21317,Keilor Lodge
SAL21318,Keilor North
SAL21319,Keilor Park
SAL21320,Kellalac
SAL21321,Kelvin View
SAL21322,Kenley
SAL21323,Kenmare (Vic.)
SAL21324,Kennedys Creek
SAL21325,Kennett River
SAL21326,Kennington
SAL21327,Kensington (Vic.)
SAL21328,Kerang
SAL21329,Kerang East
SAL21330,Kergunyah
SAL21331,Kergunyah South
SAL21332,Kernot
SAL21333,Kerrie
SAL21334,Kerrisdale
SAL21335,Kevington
SAL21336,Kew (Vic.)
SAL21337,Kew East
SAL21338,Kewell
SAL21339,Keysborough
SAL21340,Kialla
SAL21341,Kialla East
SAL21342,Kialla West
SAL21343,Kiata
SAL21344,Kiewa
SAL21345,Kilcunda
SAL21346,Killara (Glenelg - Vic.)
SAL21347,Killara (Wodonga - Vic.)
SAL21348,Killarney (Vic.)
SAL21349,Killawarra (Vic.)
SAL21350,Killingworth (Vic.)
SAL21351,Kilmany
SAL21352,Kilmore
SAL21353,Kilmore East
SAL21354,Kilsyth
SAL21355,Kilsyth South
SAL21356,Kimbolton (Vic.)
SAL21357,King Valley
SAL21358,Kinglake
SAL21359,Kinglake Central
SAL21360,Kinglake West
SAL21361,Kingower
SAL21362,Kings Park (Vic.)
SAL21363,Kingsbury
SAL21364,Kingston (Vic.)
SAL21365,Kingsville
SAL21366,Kinnabulla
SAL21367,Kinypanial
SAL21368,Kirkstall
SAL21369,Kirwans Bridge
SAL21370,Kithbrook
SAL21371,Knebsworth
SAL21372,Knockwood
SAL21373,Knowsley
SAL21374,Knoxfield
SAL21375,Koallah
SAL21376,Koetong
SAL21377,Kolora
SAL21378,Kongwak
SAL21379,Konongwootong
SAL21380,Koo Wee Rup
SAL21381,Koo Wee Rup North
SAL21382,Kooloonong
SAL21383,Koonda
SAL21384,Koondrook
SAL21385,Koonoomoo
SAL21386,Koonwarra
SAL21387,Kooreh
SAL21388,Koorlong
SAL21389,Koornalla
SAL21390,Kooroocheang
SAL21391,Koorool
SAL21392,Koorooman
SAL21393,Kooyong
SAL21394,Koriella
SAL21395,Korobeit
SAL21396,Koroit
SAL21397,Korong Vale
SAL21398,Koroop
SAL21399,Korumburra
SAL21400,Korumburra South
SAL21401,Korweinguboora
SAL21402,Kotta
SAL21403,Kotupna
SAL21404,Koyuga
SAL21405,Krowera
SAL21406,Kulwin (Vic.)
SAL21407,Kunat
SAL21408,Kurraca
SAL21409,Kurraca West
SAL21410,Kurting
SAL21411,Kurunjang
SAL21412,Kyabram
SAL21413,Kyabram South
SAL21414,Kyneton
SAL21415,Kyneton South
SAL21416,Kyvalley
SAL21417,Laanecoorie
SAL21418,Laang
SAL21419,Labertouche
SAL21420,Laceby
SAL21421,Ladys Pass
SAL21422,Laen
SAL21423,Laen East
SAL21424,Laen North
SAL21425,Lah
SAL21426,Laharum
SAL21427,Lake Boga
SAL21428,Lake Bolac
SAL21429,Lake Bunga
SAL21430,Lake Charm
SAL21431,Lake Condah
SAL21432,Lake Eildon
SAL21433,Lake Eppalock
SAL21434,Lake Fyans
SAL21435,Lake Gardens
SAL21436,Lake Goldsmith
SAL21437,Lake Lonsdale
SAL21438,Lake Marmal
SAL21439,Lake Meran
SAL21440,Lake Mundi
SAL21441,Lake Powell
SAL21442,Lake Rowan
SAL21443,Lake Tyers
SAL21444,Lake Tyers Beach
SAL21445,Lake Tyrrell
SAL21446,Lake Wellington
SAL21447,Lake Wendouree
SAL21448,Lake Wongan
SAL21449,Lakes Entrance
SAL21450,Lal Lal
SAL21451,Lalbert
SAL21452,Lalor
SAL21453,Lamplough
SAL21454,Lancaster
SAL21455,Lance Creek
SAL21456,Lancefield
SAL21457,Landsborough (Vic.)
SAL21458,Landsborough West
SAL21459,Lang Lang
SAL21460,Lang Lang East
SAL21461,Langdons Hill
SAL21462,Langi Kal Kal
SAL21463,Langi Logan
SAL21464,Langkoop
SAL21465,Langley
SAL21466,Langsborough
SAL21467,Langwarrin
SAL21468,Langwarrin South
SAL21469,Lara
SAL21470,Lardner
SAL21471,Larpent
SAL21472,Lascelles
SAL21473,Launching Place
SAL21474,Lauriston
SAL21475,Lavers Hill
SAL21476,Laverton (Vic.)
SAL21477,Laverton North
SAL21478,Lawler
SAL21479,Lawloit
SAL21480,Lawrence (Vic.)
SAL21481,Leaghur
SAL21482,Learmonth (Vic.)
SAL21483,Ledcourt
SAL21484,Leichardt
SAL21485,Leigh Creek (Vic.)
SAL21486,Leitchville
SAL21487,Lemnos
SAL21488,Leneva
SAL21489,Leonards Hill
SAL21490,Leongatha
SAL21491,Leongatha North
SAL21492,Leongatha South
SAL21493,Leopold
SAL21494,Lerderderg
SAL21495,Leslie Manor
SAL21496,Lethbridge
SAL21497,Lexton
SAL21498,Licola
SAL21499,Licola North
SAL21500,Lillico (Vic.)
SAL21501,Lillicur
SAL21502,Lillimur
SAL21503,Lilliput
SAL21504,Lilydale (Vic.)
SAL21505,Lima
SAL21506,Lima East
SAL21507,Lima South
SAL21508,Limestone (Vic.)
SAL21509,Lindenow
SAL21510,Lindenow South
SAL21511,Lindsay
SAL21512,Lindsay Point
SAL21513,Linga
SAL21514,Linton
SAL21515,Liparoo
SAL21516,Lismore (Vic.)
SAL21517,Litchfield
SAL21518,Little Desert
SAL21519,Little Hampton
SAL21520,Little River (Vic.)
SAL21521,Llanelly
SAL21522,Llowalong
SAL21523,Loch
SAL21524,Loch Sport
SAL21525,Loch Valley
SAL21526,Lockington
SAL21527,Locksley (Vic.)
SAL21528,Lockwood
SAL21529,Lockwood South
SAL21530,Loddon Vale
SAL21531,Logan
SAL21532,Londrigan
SAL21533,Long Forest
SAL21534,Long Gully
SAL21535,Longerenong
SAL21536,Longford (Vic.)
SAL21537,Longlea
SAL21538,Longwarry
SAL21539,Longwarry North
SAL21540,Longwood (Vic.)
SAL21541,Longwood East
SAL21542,Lorne (Vic.)
SAL21543,Lorquon
SAL21544,Lovely Banks
SAL21545,Lower Moira
SAL21546,Lower Norton
SAL21547,Lower Plenty
SAL21548,Loy Yang
SAL21549,Lubeck
SAL21550,Lucas
SAL21551,Lucknow (Vic.)
SAL21552,Lucyvale
SAL21553,Lurg
SAL21554,Lynbrook
SAL21555,Lyndhurst (Vic.)
SAL21556,Lyons (Vic.)
SAL21557,Lyonville
SAL21558,Lysterfield
SAL21559,Lysterfield South
SAL21560,Macarthur (Vic.)
SAL21561,Macclesfield (Vic.)
SAL21562,Macedon
SAL21563,Macks Creek
SAL21564,Macleod (Vic.)
SAL21565,Macorna
SAL21566,Macorna North
SAL21567,Macs Cove
SAL21568,Madalya
SAL21569,Maddingley
SAL21570,Mafeking
SAL21571,Maffra (Vic.)
SAL21572,Maffra West Upper
SAL21573,Magpie
SAL21574,Maiden Gully
SAL21575,Maidstone
SAL21576,Mailors Flat
SAL21577,Main Lead
SAL21578,Main Ridge
SAL21579,Maindample
SAL21580,Maintongoon
SAL21581,Major Plains
SAL21582,Majorca
SAL21583,Maldon (Vic.)
SAL21584,Mallacoota
SAL21585,Malmsbury
SAL21586,Malvern (Vic.)
SAL21587,Malvern East
SAL21588,Mambourin
SAL21589,Manangatang
SAL21590,Mandurang
SAL21591,Mandurang South
SAL21592,Mangalore (Vic.)
SAL21593,Manifold Heights
SAL21594,Mannerim
SAL21595,Mannibadar
SAL21596,Manns Beach
SAL21597,Manor Lakes
SAL21598,Manorina
SAL21599,Mansfield (Vic.)
SAL21600,Maramingo Creek
SAL21601,Marcus Hill
SAL21602,Mardan
SAL21603,Marengo (Vic.)
SAL21604,Maribyrnong
SAL21605,Marionvale
SAL21606,Markwood
SAL21607,Marlbed
SAL21608,Marlo
SAL21609,Marnoo
SAL21610,Marnoo East
SAL21611,Marnoo West
SAL21612,Marong
SAL21613,Maroona
SAL21614,Marraweeney
SAL21615,Marshall
SAL21616,Marthavale
SAL21617,Marungi
SAL21618,Maryborough (Vic.)
SAL21619,Maryknoll
SAL21620,Marysville
SAL21621,Maryvale (Vic.)
SAL21622,Massey
SAL21623,Matlock
SAL21624,Maude (Vic.)
SAL21625,McCrae
SAL21626,McIntyre
SAL21627,McKenzie Creek
SAL21628,McKenzie Hill
SAL21629,McKinnon
SAL21630,McLoughlins Beach
SAL21631,McMahons Creek
SAL21632,McMillans
SAL21633,Mead
SAL21634,Meadow Creek
SAL21635,Meadow Heights
SAL21636,Meatian
SAL21637,Meeniyan
SAL21638,Meering West
SAL21639,Meerlieu
SAL21640,Melbourne
SAL21641,Melbourne Airport
SAL21642,Melton (Vic.)
SAL21643,Melton South
SAL21644,Melton West
SAL21645,Melville Forest
SAL21646,Melwood
SAL21647,Mena Park
SAL21648,Mentone
SAL21649,Menzies Creek
SAL21650,Mepunga
SAL21651,Mepunga East
SAL21652,Mepunga West
SAL21653,Merbein
SAL21654,Merbein South
SAL21655,Merbein West
SAL21656,Meredith
SAL21657,Meringur
SAL21658,Merino
SAL21659,Mernda
SAL21660,Merriang
SAL21661,Merriang South
SAL21662,Merricks
SAL21663,Merricks Beach
SAL21664,Merricks North
SAL21665,Merrigum
SAL21666,Merrijig (East Gippsland - Vic.)
SAL21667,Merrijig (Mansfield - Vic.)
SAL21668,Merrimu
SAL21669,Merrinee
SAL21670,Merton
SAL21671,Metcalfe
SAL21672,Metcalfe East
SAL21673,Metung
SAL21674,Mia Mia (Vic.)
SAL21675,Mickleham
SAL21676,Middle Creek
SAL21677,Middle Park (Vic.)
SAL21678,Middle Tarwin
SAL21679,Miepoll
SAL21680,Miga Lake
SAL21681,Milawa
SAL21682,Mildura
SAL21683,Mill Park
SAL21684,Millbrook (Vic.)
SAL21685,Millgrove
SAL21686,Milloo
SAL21687,Milltown
SAL21688,Milnes Bridge
SAL21689,Mincha
SAL21690,Mincha West
SAL21691,Miners Rest
SAL21692,Mingay
SAL21693,Minhamite
SAL21694,Minimay
SAL21695,Mininera
SAL21696,Minjah
SAL21697,Minmindie
SAL21698,Minyip
SAL21699,Miowera
SAL21700,Miralie
SAL21701,Miram
SAL21702,Mirboo
SAL21703,Mirboo North
SAL21704,Mirimbah
SAL21705,Mirranatwa
SAL21706,Mitcham (Vic.)
SAL21707,Mitchell Park (Vic.)
SAL21708,Mitchellstown
SAL21709,Mitiamo
SAL21710,Mitre
SAL21711,Mitta Mitta
SAL21712,Mittyack
SAL21713,Mockinya
SAL21714,Modella
SAL21715,Modewarre
SAL21716,Moe
SAL21717,Moe South
SAL21718,Moggs Creek
SAL21719,Moglonemby
SAL21720,Mokepilly
SAL21721,Molesworth (Vic.)
SAL21722,Moliagul
SAL21723,Molka
SAL21724,Mollongghip
SAL21725,Mologa
SAL21726,Molyullah
SAL21727,Monbulk
SAL21728,Monegeetta
SAL21729,Mongans Bridge
SAL21730,Monomak
SAL21731,Monomeith
SAL21732,Mont Albert
SAL21733,Mont Albert North
SAL21734,Montgomery
SAL21735,Montmorency
SAL21736,Montrose (Vic.)
SAL21737,Moolap
SAL21738,Moolerr
SAL21739,Moolort
SAL21740,Moonambel
SAL21741,Moondarra
SAL21742,Moonee Ponds
SAL21743,Moonlight Flat (Central Goldfields - Vic.)
SAL21744,Moonlight Flat (Mount Alexander - Vic.)
SAL21745,Moora (Vic.)
SAL21746,Moorabbin
SAL21747,Moorabbin Airport
SAL21748,Moorabool
SAL21749,Mooralla
SAL21750,Moorilim
SAL21751,Moormbool West
SAL21752,Moornapa
SAL21753,Moorngag
SAL21754,Moorooduc
SAL21755,Mooroolbark
SAL21756,Mooroopna
SAL21757,Mooroopna North
SAL21758,Mooroopna North West
SAL21759,Moranding
SAL21760,Mordialloc
SAL21761,Morgiana
SAL21762,Moriac
SAL21763,Mornington (Vic.)
SAL21764,Moroka
SAL21765,Morrisons
SAL21766,Morrl Morrl
SAL21767,Mortlake (Vic.)
SAL21768,Morton Plains
SAL21769,Morwell
SAL21770,Mossiface
SAL21771,Mount Alfred
SAL21772,Mount Beauty
SAL21773,Mount Beckworth
SAL21774,Mount Best
SAL21775,Mount Bolton
SAL21776,Mount Bruno
SAL21777,Mount Buffalo
SAL21778,Mount Buller
SAL21779,Mount Burnett
SAL21780,Mount Bute
SAL21781,Mount Camel
SAL21782,Mount Cameron
SAL21783,Mount Clear
SAL21784,Mount Cole
SAL21785,Mount Cole Creek
SAL21786,Mount Cottrell
SAL21787,Mount Dandenong
SAL21788,Mount Doran
SAL21789,Mount Dryden
SAL21790,Mount Duneed
SAL21791,Mount Eccles
SAL21792,Mount Egerton
SAL21793,Mount Eliza
SAL21794,Mount Emu
SAL21795,Mount Evelyn
SAL21796,Mount Franklin
SAL21797,Mount Glasgow
SAL21798,Mount Helen
SAL21799,Mount Hooghly
SAL21800,Mount Lonarch
SAL21801,Mount Macedon
SAL21802,Mount Major
SAL21803,Mount Martha
SAL21804,Mount Mercer
SAL21805,Mount Moriac
SAL21806,Mount Napier
SAL21807,Mount Pleasant (Vic.)
SAL21808,Mount Prospect
SAL21809,Mount Richmond
SAL21810,Mount Rowan
SAL21811,Mount Sabine
SAL21812,Mount Tassie
SAL21813,Mount Taylor
SAL21814,Mount Toolebewong
SAL21815,Mount Wallace
SAL21816,Mount Waverley
SAL21817,Mountain Bay
SAL21818,Mountain View (Vic.)
SAL21819,Moutajup
SAL21820,Moyhu
SAL21821,Moyreisk
SAL21822,Moyston
SAL21823,Muckatah
SAL21824,Muckleford
SAL21825,Muckleford South
SAL21826,Mudgegonga
SAL21827,Mulgrave (Vic.)
SAL21828,Mumbannar
SAL21829,Mundoona
SAL21830,Munro
SAL21831,Muntham
SAL21832,Murchison (Vic.)
SAL21833,Murchison East
SAL21834,Murchison North
SAL21835,Murgheboluc
SAL21836,Murmungee
SAL21837,Murnungin
SAL21838,Murphys Creek (Vic.)
SAL21839,Murra Warra
SAL21840,Murrabit
SAL21841,Murrabit West
SAL21842,Murrawee
SAL21843,Murray-sunset
SAL21844,Murraydale
SAL21845,Murrayville
SAL21846,Murrindal
SAL21847,Murrindindi
SAL21848,Murroon
SAL21849,Murrumbeena
SAL21850,Murtoa
SAL21851,Musk
SAL21852,Musk Vale
SAL21853,Muskerry
SAL21854,Myall (Buloke - Vic.)
SAL21855,Myall (Gannawarra - Vic.)
SAL21856,Myamyn
SAL21857,Myers Flat
SAL21858,Myola (Vic.)
SAL21859,Myrniong
SAL21860,Myrrhee
SAL21861,Myrtle Creek (Vic.)
SAL21862,Myrtlebank
SAL21863,Myrtleford
SAL21864,Mysia
SAL21865,Mystic Park
SAL21866,Mywee
SAL21867,Nagambie
SAL21868,Nalangil
SAL21869,Nalinga
SAL21870,Nambrok
SAL21871,Nandaly
SAL21872,Nangana
SAL21873,Nangeela
SAL21874,Nangiloc
SAL21875,Nanneella
SAL21876,Nap Nap Marra
SAL21877,Napoleons
SAL21878,Nar Nar Goon
SAL21879,Nar Nar Goon North
SAL21880,Narbethong
SAL21881,Nareeb
SAL21882,Nareen
SAL21883,Nareewillock
SAL21884,Nariel Valley
SAL21885,Naring
SAL21886,Naringal
SAL21887,Naringal East
SAL21888,Naroghid
SAL21889,Narracan
SAL21890,Narraport
SAL21891,Narrapumelap South
SAL21892,Narrawong
SAL21893,Narre Warren
SAL21894,Narre Warren East
SAL21895,Narre Warren North
SAL21896,Narre Warren South
SAL21897,Narrung (Vic.)
SAL21898,Nathalia
SAL21899,Natimuk
SAL21900,Natte Yallock
SAL21901,Natya
SAL21902,Navarre
SAL21903,Navigators
SAL21904,Nayook
SAL21905,Neds Corner
SAL21906,Neereman
SAL21907,Neerim
SAL21908,Neerim East
SAL21909,Neerim Junction
SAL21910,Neerim North
SAL21911,Neerim South
SAL21912,Neilborough
SAL21913,Nelse
SAL21914,Nelson (Vic.)
SAL21915,Nerrena
SAL21916,Nerrin Nerrin
SAL21917,Nerrina
SAL21918,Nerring
SAL21919,Netherby (Vic.)
SAL21920,Neuarpurr
SAL21921,New Gisborne
SAL21922,Newborough
SAL21923,Newbridge (Vic.)
SAL21924,Newbury
SAL21925,Newcomb
SAL21926,Newfield
SAL21927,Newham
SAL21928,Newhaven
SAL21929,Newington (Vic.)
SAL21930,Newlands Arm
SAL21931,Newlyn
SAL21932,Newlyn North
SAL21933,Newmerella
SAL21934,Newport (Vic.)
SAL21935,Newry
SAL21936,Newstead (Vic.)
SAL21937,Newtown (Golden Plains - Vic.)
SAL21938,Newtown (Greater Geelong - Vic.)
SAL21939,Nhill
SAL21940,Nichols Point
SAL21941,Nicholson (Vic.)
SAL21942,Niddrie
SAL21943,Nilma
SAL21944,Nilma North
SAL21945,Ninda
SAL21946,Nine Mile (Vic.)
SAL21947,Nintingbool
SAL21948,Ninyeunook
SAL21949,Nirranda
SAL21950,Nirranda East
SAL21951,Nirranda South
SAL21952,Noble Park
SAL21953,Noble Park North
SAL21954,Noojee
SAL21955,Noorat
SAL21956,Noorat East
SAL21957,Noorinbee
SAL21958,Noorinbee North
SAL21959,Noradjuha
SAL21960,Norlane
SAL21961,Normanville (Vic.)
SAL21962,Norong
SAL21963,North Bendigo
SAL21964,North Blackwood
SAL21965,North Geelong
SAL21966,North Melbourne
SAL21967,North Shore (Vic.)
SAL21968,North Wangaratta
SAL21969,North Warrandyte
SAL21970,North Wonthaggi
SAL21971,Northcote
SAL21972,Northwood (Vic.)
SAL21973,Norval
SAL21974,Notting Hill
SAL21975,Nowa Nowa
SAL21976,Nowhere Creek
SAL21977,Nowie
SAL21978,Nug Nug
SAL21979,Nuggetty
SAL21980,Nulla Vale
SAL21981,Nullawarre
SAL21982,Nullawarre North
SAL21983,Nullawil
SAL21984,Numurkah
SAL21985,Nunawading
SAL21986,Nungurner
SAL21987,Nunniong
SAL21988,Nurcoung
SAL21989,Nurrabiel
SAL21990,Nurran
SAL21991,Nutfield
SAL21992,Nyah
SAL21993,Nyah West
SAL21994,Nyarrin
SAL21995,Nyerimilang
SAL21996,Nyora (Vic.)
SAL21997,Nyrraby
SAL21998,Oak Park
SAL21999,Oaklands Junction
SAL22000,Oakleigh
SAL22001,Oakleigh East
SAL22002,Oakleigh South
SAL22003,Oakvale
SAL22004,Ocean Grange
SAL22005,Ocean Grove
SAL22006,Officer
SAL22007,Officer South
SAL22008,Old Tallangatta
SAL22009,Olinda (Vic.)
SAL22010,Ombersley
SAL22011,Omeo
SAL22012,Omeo Valley
SAL22013,Ondit
SAL22014,Orbost
SAL22015,Orford (Vic.)
SAL22016,Ormond
SAL22017,Orrvale
SAL22018,Osbornes Flat
SAL22019,Outtrim
SAL22020,Ouyen
SAL22021,Ovens
SAL22022,Oxley (Vic.)
SAL22023,Oxley Flats
SAL22024,Ozenkadnook
SAL22025,Paaratte
SAL22026,Painswick
SAL22027,Pakenham
SAL22028,Pakenham South
SAL22029,Pakenham Upper
SAL22030,Panitya (Vic.)
SAL22031,Panmure
SAL22032,Panton Hill
SAL22033,Paradise (Vic.)
SAL22034,Paradise Beach
SAL22035,Paraparap
SAL22036,Park Orchards
SAL22037,Parkdale
SAL22038,Parkville (Vic.)
SAL22039,Parwan
SAL22040,Paschendale
SAL22041,Pascoe Vale
SAL22042,Pascoe Vale South
SAL22043,Pastoria
SAL22044,Pastoria East
SAL22045,Patchewollock
SAL22046,Patho
SAL22047,Patterson Lakes
SAL22048,Patyah
SAL22049,Paynesville (Vic.)
SAL22050,Pearcedale
SAL22051,Pearsondale
SAL22052,Peechelba
SAL22053,Peechelba East
SAL22054,Pelluebla
SAL22055,Pennyroyal
SAL22056,Penshurst (Vic.)
SAL22057,Pental Island
SAL22058,Pentland Hills
SAL22059,Percydale
SAL22060,Peronne
SAL22061,Perry Bridge
SAL22062,Peterborough (Vic.)
SAL22063,Petticoat Creek
SAL22064,Pheasant Creek (Vic.)
SAL22065,Piangil
SAL22066,Picola
SAL22067,Picola West
SAL22068,Piedmont
SAL22069,Pier Milan
SAL22070,Pigeon Ponds
SAL22071,Piggoreet
SAL22072,Pimpinio
SAL22073,Pine Grove (Vic.)
SAL22074,Pine Lodge (Vic.)
SAL22075,Pine Mountain (Vic.)
SAL22076,Pine View
SAL22077,Pioneer Bay
SAL22078,Pipers Creek
SAL22079,Pira
SAL22080,Piries
SAL22081,Pirron Yallock
SAL22082,Pitfield
SAL22083,Pittong
SAL22084,Plenty (Vic.)
SAL22085,Plumpton (Vic.)
SAL22086,Point Cook
SAL22087,Point Leo
SAL22088,Point Lonsdale
SAL22089,Point Wilson
SAL22090,Polisbet
SAL22091,Pomborneit
SAL22092,Pomborneit East
SAL22093,Pomborneit North
SAL22094,Pomonal
SAL22095,Pompapiel
SAL22096,Poolaijelo
SAL22097,Pootilla
SAL22098,Poowong
SAL22099,Poowong East
SAL22100,Poowong North
SAL22101,Porcupine Ridge
SAL22102,Porepunkah
SAL22103,Port Albert
SAL22104,Port Campbell
SAL22105,Port Fairy
SAL22106,Port Franklin
SAL22107,Port Melbourne
SAL22108,Port Welshpool
SAL22109,Portarlington
SAL22110,Portland (Vic.)
SAL22111,Portland North
SAL22112,Portland West
SAL22113,Portsea
SAL22114,Pound Creek
SAL22115,Powelltown
SAL22116,Powers Creek
SAL22117,Powlett Plains
SAL22118,Prahran
SAL22119,Prairie (Vic.)
SAL22120,Pranjip
SAL22121,Preston (Vic.)
SAL22122,Princes Hill
SAL22123,Princetown
SAL22124,Puckapunyal
SAL22125,Pura Pura
SAL22126,Purdeet
SAL22127,Purnim
SAL22128,Purnim West
SAL22129,Pyalong
SAL22130,Pyramid Hill
SAL22131,Quambatook
SAL22132,Quandong
SAL22133,Quantong
SAL22134,Quarry Hill
SAL22135,Queenscliff (Vic.)
SAL22136,Raglan (Vic.)
SAL22137,Rainbow
SAL22138,Ranceby
SAL22139,Rathscar
SAL22140,Rathscar West
SAL22141,Ravenhall
SAL22142,Ravenswood (Vic.)
SAL22143,Ravenswood South
SAL22144,Rawson
SAL22145,Raymond Island
SAL22146,Raywood
SAL22147,Red Cliffs
SAL22148,Red Hill (Vic.)
SAL22149,Red Hill South
SAL22150,Red Lion
SAL22151,Redan
SAL22152,Redbank (Vic.)
SAL22153,Redcastle
SAL22154,Redesdale
SAL22155,Reedy Creek (Vic.)
SAL22156,Reedy Dam
SAL22157,Reedy Flat
SAL22158,Reedy Lake
SAL22159,Reefton (Vic.)
SAL22160,Research
SAL22161,Reservoir (Vic.)
SAL22162,Reynard
SAL22163,Rheola
SAL22164,Rhyll
SAL22165,Rhymney
SAL22166,Riachella
SAL22167,Rich Avon
SAL22168,Rich Avon East
SAL22169,Rich Avon West
SAL22170,Richmond (Vic.)
SAL22171,Richmond Plains
SAL22172,Riddells Creek
SAL22173,Riggs Creek
SAL22174,Ringwood (Vic.)
SAL22175,Ringwood East
SAL22176,Ringwood North
SAL22177,Ripplebrook
SAL22178,Rippleside
SAL22179,Ripponlea
SAL22180,Riverside (Vic.)
SAL22181,Riverslea
SAL22182,Robertsons Beach
SAL22183,Robinvale
SAL22184,Rochester (Vic.)
SAL22185,Rochford
SAL22186,Rockbank
SAL22187,Rocklands
SAL22188,Rocklyn
SAL22189,Rocky Point (Vic.)
SAL22190,Rokeby (Vic.)
SAL22191,Rokewood
SAL22192,Rokewood Junction
SAL22193,Romsey
SAL22194,Rosanna
SAL22195,Rose River
SAL22196,Rosebery (Vic.)
SAL22197,Rosebrook (Vic.)
SAL22198,Rosebud
SAL22199,Rosedale (Vic.)
SAL22200,Roses Gap
SAL22201,Rosewhite
SAL22202,Roslynmead
SAL22203,Ross Creek (Vic.)
SAL22204,Rossbridge
SAL22205,Rostron
SAL22206,Rowsley
SAL22207,Rowville
SAL22208,Roxburgh Park
SAL22209,Rubicon
SAL22210,Ruby
SAL22211,Ruffy
SAL22212,Running Creek (Vic.)
SAL22213,Runnymede (Vic.)
SAL22214,Rupanyup
SAL22215,Rushworth
SAL22216,Russells Bridge
SAL22217,Rutherglen
SAL22218,Ryans
SAL22219,Ryanston
SAL22220,Rye
SAL22221,Rythdale
SAL22222,Safety Beach (Vic.)
SAL22223,Sailors Falls
SAL22224,Sailors Gully
SAL22225,Sailors Hill
SAL22226,Sale
SAL22227,Salisbury West
SAL22228,Samaria
SAL22229,San Remo (Vic.)
SAL22230,Sandford (Vic.)
SAL22231,Sandhill Lake
SAL22232,Sandhurst
SAL22233,Sandon (Vic.)
SAL22234,Sandringham (Vic.)
SAL22235,Sandy Creek (Vic.)
SAL22236,Sandy Point (Vic.)
SAL22237,Sargood
SAL22238,Sarsfield
SAL22239,Sassafras (Vic.)
SAL22240,Sawmill Settlement
SAL22241,Scarsdale
SAL22242,Scoresby
SAL22243,Scotchmans Lead
SAL22244,Scotsburn
SAL22245,Scotts Creek (Vic.)
SAL22246,Sea Lake
SAL22247,Seabrook
SAL22248,Seacombe
SAL22249,Seaford (Vic.)
SAL22250,Seaholme
SAL22251,Seaspray
SAL22252,Seaton (Vic.)
SAL22253,Seaview
SAL22254,Sebastian
SAL22255,Sebastopol (Vic.)
SAL22256,Seddon (Vic.)
SAL22257,Sedgwick
SAL22258,Selby
SAL22259,Selwyn (Vic.)
SAL22260,Separation Creek
SAL22261,Serpentine (Vic.)
SAL22262,Serviceton
SAL22263,Seville
SAL22264,Seville East
SAL22265,Seymour (Vic.)
SAL22266,Shady Creek
SAL22267,Shays Flat
SAL22268,She Oaks
SAL22269,Sheans Creek
SAL22270,Sheep Hills
SAL22271,Shelbourne
SAL22272,Shelford
SAL22273,Shelley (Vic.)
SAL22274,Shepherds Flat
SAL22275,Shepparton
SAL22276,Shepparton East
SAL22277,Shepparton North
SAL22278,Sherbrooke
SAL22279,Shoreham
SAL22280,Sidonia
SAL22281,Silvan
SAL22282,Silverleaves
SAL22283,Simpson (Vic.)
SAL22284,Simpsons Creek
SAL22285,Simson
SAL22286,Skenes Creek
SAL22287,Skenes Creek North
SAL22288,Skibo
SAL22289,Skinners Flat
SAL22290,Skipton
SAL22291,Skye (Vic.)
SAL22292,Slaty Creek
SAL22293,Smeaton
SAL22294,Smiths Beach
SAL22295,Smiths Gully
SAL22296,Smokeytown
SAL22297,Smoko
SAL22298,Smythes Creek
SAL22299,Smythesdale
SAL22300,Snake Island
SAL22301,Snake Valley
SAL22302,Soldiers Hill (Vic.)
SAL22303,Somers
SAL22304,Somerton (Vic.)
SAL22305,Somerville (Vic.)
SAL22306,Sorrento (Vic.)
SAL22307,South Dudley
SAL22308,South Geelong
SAL22309,South Kingsville
SAL22310,South Melbourne
SAL22311,South Morang
SAL22312,South Purrumbete
SAL22313,South Wharf
SAL22314,South Yarra
SAL22315,Southbank
SAL22316,Southern Cross (Vic.)
SAL22317,Spargo Creek
SAL22318,Speed
SAL22319,Spotswood
SAL22320,Spring Gully (Vic.)
SAL22321,Spring Hill (Vic.)
SAL22322,Springbank
SAL22323,Springdallah
SAL22324,Springfield (Buloke - Vic.)
SAL22325,Springfield (Macedon Ranges - Vic.)
SAL22326,Springhurst
SAL22327,Springmount
SAL22328,Springvale (Vic.)
SAL22329,Springvale South
SAL22330,St Albans (Vic.)
SAL22331,St Albans Park
SAL22332,St Andrews (Vic.)
SAL22333,St Andrews Beach
SAL22334,St Arnaud
SAL22335,St Arnaud East
SAL22336,St Arnaud North
SAL22337,St Clair (Vic.)
SAL22338,St Germains
SAL22339,St Helena
SAL22340,St Helens (Vic.)
SAL22341,St Helens Plains
SAL22342,St James (Vic.)
SAL22343,St Kilda (Vic.)
SAL22344,St Kilda East
SAL22345,St Kilda West
SAL22346,St Leonards (Vic.)
SAL22347,Staceys Bridge
SAL22348,Staffordshire Reef
SAL22349,Staghorn Flat
SAL22350,Stanhope (Vic.)
SAL22351,Stanley (Vic.)
SAL22352,Staughton Vale
SAL22353,Stavely
SAL22354,Stawell
SAL22355,Steels Creek
SAL22356,Steiglitz (Vic.)
SAL22357,Stewarton (Vic.)
SAL22358,Stirling (Vic.)
SAL22359,Stockdale
SAL22360,Stockyard Hill
SAL22361,Stonehaven
SAL22362,Stoneleigh (Vic.)
SAL22363,Stony Creek (Central Goldfields - Vic.)
SAL22364,Stony Creek (South Gippsland - Vic.)
SAL22365,Stonyford
SAL22366,Stradbroke
SAL22367,Strangways
SAL22368,Straten
SAL22369,Stratford (Vic.)
SAL22370,Strath Creek
SAL22371,Strathallan
SAL22372,Strathbogie
SAL22373,Strathdale
SAL22374,Strathdownie
SAL22375,Strathewen
SAL22376,Strathfieldsaye
SAL22377,Strathkellar
SAL22378,Strathlea
SAL22379,Strathmerton
SAL22380,Strathmore (Vic.)
SAL22381,Strathmore Heights
SAL22382,Strathtulloh
SAL22383,Streatham
SAL22384,Strzelecki (Vic.)
SAL22385,Stuart Mill
SAL22386,Sugarloaf (Vic.)
SAL22387,Sugarloaf Creek
SAL22388,Suggan Buggan
SAL22389,Sulky
SAL22390,Summerlands
SAL22391,Sunbury
SAL22392,Sunday Creek
SAL22393,Sunderland Bay
SAL22394,Sunset Strip (Vic.)
SAL22395,Sunshine (Vic.)
SAL22396,Sunshine North
SAL22397,Sunshine West
SAL22398,Surf Beach (Vic.)
SAL22399,Surrey Hills
SAL22400,Sutherland (Vic.)
SAL22401,Sutherlands Creek
SAL22402,Sutton (Vic.)
SAL22403,Sutton Grange
SAL22404,Swan Bay (Vic.)
SAL22405,Swan Hill
SAL22406,Swan Hill West
SAL22407,Swan Island
SAL22408,Swan Marsh
SAL22409,Swan Reach (Vic.)
SAL22410,Swanpool
SAL22411,Swanwater
SAL22412,Swanwater West
SAL22413,Swifts Creek
SAL22414,Sydenham (Vic.)
SAL22415,Sylvaterre
SAL22416,Tabberabbera
SAL22417,Tabilk
SAL22418,Tabor
SAL22419,Taggerty
SAL22420,Tahara
SAL22421,Tahara Bridge
SAL22422,Tahara West
SAL22423,Talbot (Vic.)
SAL22424,Talgarno
SAL22425,Tallandoon
SAL22426,Tallangatta
SAL22427,Tallangatta East
SAL22428,Tallangatta South
SAL22429,Tallangatta Valley
SAL22430,Tallarook
SAL22431,Tallygaroopna
SAL22432,Tambo Crossing
SAL22433,Tambo Upper
SAL22434,Tamboon
SAL22435,Tamboritha
SAL22436,Taminick
SAL22437,Tamleugh
SAL22438,Tamleugh North
SAL22439,Tandarook
SAL22440,Tandarra
SAL22441,Tangambalanga
SAL22442,Tanjil
SAL22443,Tanjil Bren
SAL22444,Tanjil South
SAL22445,Tanwood
SAL22446,Tanybryn
SAL22447,Taradale (Vic.)
SAL22448,Tarcombe
SAL22449,Tarilta
SAL22450,Tarnagulla
SAL22451,Tarneit
SAL22452,Tarnook
SAL22453,Taroon
SAL22454,Tarra Valley
SAL22455,Tarranyurk
SAL22456,Tarraville
SAL22457,Tarrawarra
SAL22458,Tarrawingee
SAL22459,Tarrayoukyan
SAL22460,Tarrengower
SAL22461,Tarrenlea
SAL22462,Tarrington
SAL22463,Tarrone
SAL22464,Tarwin
SAL22465,Tarwin Lower
SAL22466,Tatong
SAL22467,Tatura
SAL22468,Tatura East
SAL22469,Tatyoon
SAL22470,Tawonga
SAL22471,Tawonga South
SAL22472,Taylor Bay
SAL22473,Taylors Hill
SAL22474,Taylors Lakes
SAL22475,Teal Point
SAL22476,Tecoma
SAL22477,Teddywaddy
SAL22478,Teddywaddy West
SAL22479,Teesdale (Vic.)
SAL22480,Telangatuk East
SAL22481,Telford
SAL22482,Telopea Downs
SAL22483,Templestowe
SAL22484,Templestowe Lower
SAL22485,Tempy
SAL22486,Tenby Point
SAL22487,Tennyson (Vic.)
SAL22488,Terang
SAL22489,Terip Terip
SAL22490,Terrappee
SAL22491,Terrick Terrick
SAL22492,Terrick Terrick East
SAL22493,Tesbury
SAL22494,Tetoora Road
SAL22495,Thalia
SAL22496,The Basin (Vic.)
SAL22497,The Cove
SAL22498,The Gurdies
SAL22499,The Heart
SAL22500,The Honeysuckles
SAL22501,The Patch
SAL22502,The Sisters
SAL22503,Thologolong
SAL22504,Thomastown
SAL22505,Thomson (Baw Baw - Vic.)
SAL22506,Thomson (Greater Geelong - Vic.)
SAL22507,Thoona
SAL22508,Thornbury
SAL22509,Thornhill Park
SAL22510,Thornton (Vic.)
SAL22511,Thorpdale
SAL22512,Thorpdale South
SAL22513,Thowgla Valley
SAL22514,Three Bridges
SAL22515,Timbarra (Vic.)
SAL22516,Timboon
SAL22517,Timboon West
SAL22518,Timmering
SAL22519,Timor (Vic.)
SAL22520,Timor West
SAL22521,Tinamba
SAL22522,Tinamba West
SAL22523,Tintaldra
SAL22524,Tittybong
SAL22525,Tol Tol
SAL22526,Tolmie
SAL22527,Tom Groggin
SAL22528,Tongala
SAL22529,Tonghi Creek
SAL22530,Tongio
SAL22531,Tonimbuk
SAL22532,Tooan
SAL22533,Tooborac
SAL22534,Toolamba
SAL22535,Toolamba West
SAL22536,Toolangi
SAL22537,Toolern Vale
SAL22538,Toolleen
SAL22539,Toolome
SAL22540,Toolondo
SAL22541,Toolong
SAL22542,Toombon
SAL22543,Toongabbie (Vic.)
SAL22544,Toora (Vic.)
SAL22545,Toora North
SAL22546,Tooradin
SAL22547,Toorak
SAL22548,Toorloo Arm
SAL22549,Toorongo
SAL22550,Tootgarook
SAL22551,Torquay (Vic.)
SAL22552,Torrita
SAL22553,Torrumbarry
SAL22554,Torwood
SAL22555,Tostaree
SAL22556,Tottenham (Vic.)
SAL22557,Tottington
SAL22558,Tourello
SAL22559,Towan
SAL22560,Towaninny
SAL22561,Towaninny South
SAL22562,Tower Hill
SAL22563,Towong
SAL22564,Towong Upper
SAL22565,Trafalgar (Vic.)
SAL22566,Trafalgar East
SAL22567,Trafalgar South
SAL22568,Tragowel
SAL22569,Traralgon
SAL22570,Traralgon East
SAL22571,Traralgon South
SAL22572,Travancore
SAL22573,Trawalla
SAL22574,Trawool
SAL22575,Traynors Lagoon
SAL22576,Tremont
SAL22577,Trentham
SAL22578,Trentham East
SAL22579,Tresco
SAL22580,Tresco West
SAL22581,Trida
SAL22582,Truganina
SAL22583,Tubbut
SAL22584,Tuerong
SAL22585,Tulkara
SAL22586,Tullamarine
SAL22587,Tungamah
SAL22588,Turoar
SAL22589,Turriff
SAL22590,Turriff East
SAL22591,Turtons Creek
SAL22592,Tutye
SAL22593,Tyaak
SAL22594,Tyabb
SAL22595,Tyenna (Vic.)
SAL22596,Tyers
SAL22597,Tylden
SAL22598,Tynong
SAL22599,Tynong North
SAL22600,Tyntynder
SAL22601,Tyntynder South
SAL22602,Tyrendarra
SAL22603,Tyrendarra East
SAL22604,Tyrrell
SAL22605,Tyrrell Downs
SAL22606,Ullina
SAL22607,Ullswater
SAL22608,Ultima
SAL22609,Ultima East
SAL22610,Ulupna
SAL22611,Undera
SAL22612,Underbool
SAL22613,Upotipotpon
SAL22614,Upper Ferntree Gully
SAL22615,Upper Gundowring
SAL22616,Upper Lurg
SAL22617,Upper Plenty
SAL22618,Upper Ryans Creek
SAL22619,Upton Hill
SAL22620,Upwey
SAL22621,Valencia Creek
SAL22622,Vasey
SAL22623,Vaughan
SAL22624,Vectis
SAL22625,Ventnor (Vic.)
SAL22626,Venus Bay (Vic.)
SAL22627,Vermont
SAL22628,Vermont South
SAL22629,Vervale
SAL22630,Vesper
SAL22631,Victoria Point (Vic.)
SAL22632,Victoria Valley (Vic.)
SAL22633,Viewbank
SAL22634,Vinifera
SAL22635,Violet Town
SAL22636,Vite Vite
SAL22637,Vite Vite North
SAL22638,W Tree
SAL22639,Waaia
SAL22640,Waanyarra
SAL22641,Waarre
SAL22642,Wabonga
SAL22643,Waggarandall
SAL22644,Wahgunyah
SAL22645,Wahring
SAL22646,Wail
SAL22647,Wairewa
SAL22648,Waitchie
SAL22649,Wal Wal
SAL22650,Waldara
SAL22651,Walhalla
SAL22652,Walhalla East
SAL22653,Walkerville (Vic.)
SAL22654,Walkerville North
SAL22655,Walkerville South
SAL22656,Wallace
SAL22657,Wallacedale
SAL22658,Wallagaraugh
SAL22659,Wallaloo
SAL22660,Wallaloo East
SAL22661,Wallan
SAL22662,Wallinduc
SAL22663,Wallington
SAL22664,Wallup
SAL22665,Walmer (Vic.)
SAL22666,Walpa
SAL22667,Walpeup
SAL22668,Walwa
SAL22669,Wandana Heights
SAL22670,Wandella (Vic.)
SAL22671,Wandiligong
SAL22672,Wandin East
SAL22673,Wandin North
SAL22674,Wando Bridge
SAL22675,Wando Vale
SAL22676,Wandong
SAL22677,Wandown
SAL22678,Wangandary
SAL22679,Wangarabell
SAL22680,Wangaratta (Vic.)
SAL22681,Wangaratta South
SAL22682,Wangie
SAL22683,Wangoom
SAL22684,Wannon
SAL22685,Wantirna
SAL22686,Wantirna South
SAL22687,Waranga Shores
SAL22688,Waratah Bay
SAL22689,Warburton (Vic.)
SAL22690,Wareek
SAL22691,Wargan
SAL22692,Warmur
SAL22693,Warncoort
SAL22694,Warne
SAL22695,Warneet
SAL22696,Warrabkook
SAL22697,Warracknabeal
SAL22698,Warragul
SAL22699,Warragul South
SAL22700,Warragul West
SAL22701,Warrak
SAL22702,Warrandyte
SAL22703,Warrandyte South
SAL22704,Warranwood
SAL22705,Warrayure
SAL22706,Warrenbayne
SAL22707,Warrenheip
SAL22708,Warrenmang
SAL22709,Warrion
SAL22710,Warrnambool
SAL22711,Warrock
SAL22712,Warrong
SAL22713,Wartook
SAL22714,Watchem
SAL22715,Watchem West
SAL22716,Watchupga
SAL22717,Waterford Park
SAL22718,Waterholes
SAL22719,Waterloo (Vic.)
SAL22720,Waterways
SAL22721,Watsonia
SAL22722,Watsonia North
SAL22723,Watsons Creek (Vic.)
SAL22724,Wattle Bank
SAL22725,Wattle Creek
SAL22726,Wattle Flat (Vic.)
SAL22727,Wattle Glen
SAL22728,Wattle Hill (Vic.)
SAL22729,Waubra
SAL22730,Waurn Ponds
SAL22731,Waygara
SAL22732,Weatherboard
SAL22733,Wedderburn (Vic.)
SAL22734,Wedderburn Junction
SAL22735,Wee Wee Rup
SAL22736,Weeaproinah
SAL22737,Weering
SAL22738,Weerite
SAL22739,Wehla
SAL22740,Weir Views
SAL22741,Wellsford
SAL22742,Welshmans Reef
SAL22743,Welshpool (Vic.)
SAL22744,Wemen
SAL22745,Wendouree
SAL22746,Wensleydale
SAL22747,Wentworth (Vic.)
SAL22748,Werneth
SAL22749,Werona
SAL22750,Werribee
SAL22751,Werribee South
SAL22752,Werrimull
SAL22753,Wesburn
SAL22754,West Bendigo
SAL22755,West Creek
SAL22756,West Footscray
SAL22757,West Melbourne
SAL22758,West Wodonga
SAL22759,Westbury (Vic.)
SAL22760,Westby
SAL22761,Westmeadows
SAL22762,Westmere
SAL22763,Whanregarwen
SAL22764,Wharparilla
SAL22765,Wheatsheaf
SAL22766,Wheelers Hill
SAL22767,Whipstick
SAL22768,Whirily
SAL22769,White Hills (Vic.)
SAL22770,Whiteheads Creek
SAL22771,Whitelaw
SAL22772,Whitfield (Vic.)
SAL22773,Whitlands
SAL22774,Whittington
SAL22775,Whittlesea
SAL22776,Whoorel
SAL22777,Whorouly
SAL22778,Whorouly East
SAL22779,Whorouly South
SAL22780,Whroo
SAL22781,Wickliffe
SAL22782,Wilby
SAL22783,Wild Dog Valley (Vic.)
SAL22784,Wildwood
SAL22785,Wilkur
SAL22786,Willangie
SAL22787,Willatook
SAL22788,Willaura
SAL22789,Willaura North
SAL22790,Willenabrina
SAL22791,Williams Landing
SAL22792,Williamstown (Vic.)
SAL22793,Williamstown North
SAL22794,Willow Grove
SAL22795,Willowmavin
SAL22796,Willowvale (Vic.)
SAL22797,Willung
SAL22798,Willung South
SAL22799,Wilsons Hill
SAL22800,Wilsons Promontory
SAL22801,Wimbledon Heights
SAL22802,Winchelsea
SAL22803,Winchelsea South
SAL22804,Windermere (Vic.)
SAL22805,Windsor (Vic.)
SAL22806,Wingan River
SAL22807,Wingeel
SAL22808,Winjallok
SAL22809,Winlaton
SAL22810,Winnambool
SAL22811,Winnap
SAL22812,Winnindoo
SAL22813,Winslow
SAL22814,Winter Valley
SAL22815,Winton (Vic.)
SAL22816,Winton North
SAL22817,Wirrate
SAL22818,Wiseleigh
SAL22819,Wodonga
SAL22820,Wollert
SAL22821,Wombat Creek (Vic.)
SAL22822,Wombelano
SAL22823,Won Wron
SAL22824,Wonga
SAL22825,Wonga Park
SAL22826,Wongarra
SAL22827,Wongungarra
SAL22828,Wonnangatta
SAL22829,Wonthaggi
SAL22830,Wonwondah
SAL22831,Wonyip
SAL22832,Wood Wood
SAL22833,Woodend (Vic.)
SAL22834,Woodend North
SAL22835,Woodfield
SAL22836,Woodford (Vic.)
SAL22837,Woodglen
SAL22838,Woodhouse
SAL22839,Woodleigh (Vic.)
SAL22840,Woods Point (Vic.)
SAL22841,Woodside (Vic.)
SAL22842,Woodside Beach
SAL22843,Woodstock (Vic.)
SAL22844,Woodstock On Loddon
SAL22845,Woodstock West
SAL22846,Woodvale (Vic.)
SAL22847,Wool Wool
SAL22848,Woolamai
SAL22849,Woolenook
SAL22850,Woolshed Flat (Vic.)
SAL22851,Woolsthorpe
SAL22852,Woomelang
SAL22853,Wooragee
SAL22854,Woorarra East
SAL22855,Woorarra West
SAL22856,Wooreen
SAL22857,Woori Yallock
SAL22858,Woorinen
SAL22859,Woorinen North
SAL22860,Woorinen South
SAL22861,Woorndoo
SAL22862,Wooroonook
SAL22863,Woosang
SAL22864,Wootong Vale
SAL22865,Worrowing
SAL22866,Wrathung
SAL22867,Wrixon
SAL22868,Wroxham
SAL22869,Wuk Wuk
SAL22870,Wulgulmerang
SAL22871,Wulgulmerang East
SAL22872,Wulgulmerang West
SAL22873,Wunghnu
SAL22874,Wurdiboluc
SAL22875,Wurruk
SAL22876,Wy Yung
SAL22877,Wycheproof
SAL22878,Wycheproof South
SAL22879,Wychitella
SAL22880,Wychitella North
SAL22881,Wye River
SAL22882,Wyelangta
SAL22883,Wyndham Vale
SAL22884,Wyuna (Vic.)
SAL22885,Wyuna East
SAL22886,Yaapeet
SAL22887,Yabba North
SAL22888,Yabba South
SAL22889,Yackandandah
SAL22890,Yalca
SAL22891,Yalla-Y-Poora
SAL22892,Yallambie
SAL22893,Yallourn
SAL22894,Yallourn North
SAL22895,Yalmy
SAL22896,Yambuk
SAL22897,Yambuna
SAL22898,Yan Yean
SAL22899,Yanac
SAL22900,Yanakie
SAL22901,Yando
SAL22902,Yandoit
SAL22903,Yandoit Hills
SAL22904,Yangery
SAL22905,Yangoura
SAL22906,Yannathan
SAL22907,Yapeen
SAL22908,Yarck
SAL22909,Yarpturk
SAL22910,Yarra Glen
SAL22911,Yarra Junction
SAL22912,Yarraberb
SAL22913,Yarragon
SAL22914,Yarragon South
SAL22915,Yarram
SAL22916,Yarrambat
SAL22917,Yarraville
SAL22918,Yarrawalla
SAL22919,Yarrawonga (Vic.)
SAL22920,Yarrawonga South
SAL22921,Yarroweyah
SAL22922,Yatchaw
SAL22923,Yawong Hills
SAL22924,Yea
SAL22925,Yellingbo
SAL22926,Yelta (Vic.)
SAL22927,Yendon
SAL22928,Yeo
SAL22929,Yeodene
SAL22930,Yering
SAL22931,Yeungroon
SAL22932,Yeungroon East
SAL22933,Yielima
SAL22934,Yinnar
SAL22935,Yinnar South
SAL22936,York Plains (Vic.)
SAL22937,Youanmite
SAL22938,Youarang
SAL22939,Yulecart
SAL22940,Yundool
SAL22941,Yuroke
SAL22942,Yuulong
SAL22943,Zeerust
SAL22944,Zumsteins
SAL29494,No usual address (Vic.)
SAL29797,Migratory - Offshore - Shipping (Vic.)
